filename,label
train/Oystercatcher/Oystercatcher47.jpg,Oystercatcher
train/Oystercatcher/Oystercatcher38.jpg,Oystercatcher
train/Oystercatcher/Oystercatcher4.jpg,Oystercatcher
train/Oystercatcher/Oystercatcher53.jpg,Oystercatcher
train/Oystercatcher/Oystercatcher6.jpg,Oystercatcher
train/Oystercatcher/Oystercatcher48.jpg,Oystercatcher
train/Oystercatcher/Oystercatcher19.jpg,Oystercatcher
train/Oystercatcher/Oystercatcher20.jpg,Oystercatcher
train/Oystercatcher/Oystercatcher12.jpg,Oystercatcher
train/Oystercatcher/Oystercatcher39.jpg,Oystercatcher
train/Oystercatcher/Oystercatcher30.jpg,Oystercatcher
train/Oystercatcher/Oystercatcher27.jpg,Oystercatcher
train/Oystercatcher/Oystercatcher16.jpg,Oystercatcher
train/Oystercatcher/Oystercatcher42.jpg,Oystercatcher
train/Oystercatcher/Oystercatcher34.jpg,Oystercatcher
train/Oystercatcher/Oystercatcher1.jpg,Oystercatcher
train/Oystercatcher/Oystercatcher22.jpg,Oystercatcher
train/Oystercatcher/Oystercatcher8.jpg,Oystercatcher
train/Oystercatcher/Oystercatcher46.jpg,Oystercatcher
train/Oystercatcher/Oystercatcher41.jpg,Oystercatcher
train/Oystercatcher/Oystercatcher9.jpg,Oystercatcher
train/Oystercatcher/Oystercatcher28.jpg,Oystercatcher
train/Oystercatcher/Oystercatcher29.jpg,Oystercatcher
train/Oystercatcher/Oystercatcher11.jpg,Oystercatcher
train/Oystercatcher/Oystercatcher23.jpg,Oystercatcher
train/Oystercatcher/Oystercatcher37.jpg,Oystercatcher
train/Oystercatcher/Oystercatcher5.jpg,Oystercatcher
train/Oystercatcher/Oystercatcher7.jpg,Oystercatcher
train/Oystercatcher/Oystercatcher33.jpg,Oystercatcher
train/Oystercatcher/Oystercatcher32.jpg,Oystercatcher
train/Oystercatcher/Oystercatcher50.jpg,Oystercatcher
train/Oystercatcher/Oystercatcher43.jpg,Oystercatcher
train/Oystercatcher/Oystercatcher35.jpg,Oystercatcher
train/Oystercatcher/Oystercatcher13.jpg,Oystercatcher
train/Oystercatcher/Oystercatcher49.jpg,Oystercatcher
train/Oystercatcher/Oystercatcher10.jpg,Oystercatcher
train/Oystercatcher/Oystercatcher45.jpg,Oystercatcher
train/Oystercatcher/Oystercatcher36.jpg,Oystercatcher
train/Oystercatcher/Oystercatcher51.jpg,Oystercatcher
train/Oystercatcher/Oystercatcher15.jpg,Oystercatcher
train/Oystercatcher/Oystercatcher21.jpg,Oystercatcher
train/Oystercatcher/Oystercatcher14.jpg,Oystercatcher
train/Oystercatcher/Oystercatcher18.jpg,Oystercatcher
train/Oystercatcher/Oystercatcher31.jpg,Oystercatcher
train/Oystercatcher/Oystercatcher24.jpg,Oystercatcher
train/Oystercatcher/Oystercatcher17.jpg,Oystercatcher
train/Oystercatcher/Oystercatcher26.jpg,Oystercatcher
train/Oystercatcher/Oystercatcher3.jpg,Oystercatcher
train/Oystercatcher/Oystercatcher40.jpg,Oystercatcher
train/Oystercatcher/Oystercatcher44.jpg,Oystercatcher
train/Oystercatcher/Oystercatcher52.jpg,Oystercatcher
train/Oystercatcher/Oystercatcher25.jpg,Oystercatcher
train/Oystercatcher/Oystercatcher2.jpg,Oystercatcher
train/Rosefinch/Rosefinch40.jpg,Rosefinch
train/Rosefinch/Rosefinch27.jpg,Rosefinch
train/Rosefinch/Rosefinch17.jpg,Rosefinch
train/Rosefinch/Rosefinch48.jpg,Rosefinch
train/Rosefinch/Rosefinch36.jpg,Rosefinch
train/Rosefinch/Rosefinch47.jpg,Rosefinch
train/Rosefinch/Rosefinch46.jpg,Rosefinch
train/Rosefinch/Rosefinch3.jpg,Rosefinch
train/Rosefinch/Rosefinch32.jpg,Rosefinch
train/Rosefinch/Rosefinch21.jpg,Rosefinch
train/Rosefinch/Rosefinch35.jpg,Rosefinch
train/Rosefinch/Rosefinch39.jpg,Rosefinch
train/Rosefinch/Rosefinch24.jpg,Rosefinch
train/Rosefinch/Rosefinch51.jpg,Rosefinch
train/Rosefinch/Rosefinch20.jpg,Rosefinch
train/Rosefinch/Rosefinch42.jpg,Rosefinch
train/Rosefinch/Rosefinch33.jpg,Rosefinch
train/Rosefinch/Rosefinch34.jpg,Rosefinch
train/Rosefinch/Rosefinch49.jpg,Rosefinch
train/Rosefinch/Rosefinch41.jpg,Rosefinch
train/Rosefinch/Rosefinch1.jpg,Rosefinch
train/Rosefinch/Rosefinch44.jpg,Rosefinch
train/Rosefinch/Rosefinch16.jpg,Rosefinch
train/Rosefinch/Rosefinch12.jpg,Rosefinch
train/Rosefinch/Rosefinch14.jpg,Rosefinch
train/Rosefinch/Rosefinch7.jpg,Rosefinch
train/Rosefinch/Rosefinch43.jpg,Rosefinch
train/Rosefinch/Rosefinch30.jpg,Rosefinch
train/Rosefinch/Rosefinch25.jpg,Rosefinch
train/Rosefinch/Rosefinch10.jpg,Rosefinch
train/Rosefinch/Rosefinch6.jpg,Rosefinch
train/Rosefinch/Rosefinch52.jpg,Rosefinch
train/Rosefinch/Rosefinch53.jpg,Rosefinch
train/Rosefinch/Rosefinch38.jpg,Rosefinch
train/Rosefinch/Rosefinch37.jpg,Rosefinch
train/Rosefinch/Rosefinch15.jpg,Rosefinch
train/Rosefinch/Rosefinch13.jpg,Rosefinch
train/Rosefinch/Rosefinch4.jpg,Rosefinch
train/Rosefinch/Rosefinch31.jpg,Rosefinch
train/Rosefinch/Rosefinch18.jpg,Rosefinch
train/Rosefinch/Rosefinch45.jpg,Rosefinch
train/Rosefinch/Rosefinch19.jpg,Rosefinch
train/Rosefinch/Rosefinch23.jpg,Rosefinch
train/Rosefinch/Rosefinch22.jpg,Rosefinch
train/Rosefinch/Rosefinch50.jpg,Rosefinch
train/Rosefinch/Rosefinch28.jpg,Rosefinch
train/Rosefinch/Rosefinch9.jpg,Rosefinch
train/Rosefinch/Rosefinch8.jpg,Rosefinch
train/Rosefinch/Rosefinch29.jpg,Rosefinch
train/Rosefinch/Rosefinch54.jpg,Rosefinch
train/Rosefinch/Rosefinch26.jpg,Rosefinch
train/Rosefinch/Rosefinch11.jpg,Rosefinch
train/Rosefinch/Rosefinch5.jpg,Rosefinch
train/Rosefinch/Rosefinch2.jpg,Rosefinch
train/Vireo/Vireo19.jpg,Vireo
train/Vireo/Vireo91.jpg,Vireo
train/Vireo/Vireo13.jpg,Vireo
train/Vireo/Vireo27.jpg,Vireo
train/Vireo/Vireo62.jpg,Vireo
train/Vireo/Vireo40.jpg,Vireo
train/Vireo/Vireo31.jpg,Vireo
train/Vireo/Vireo72.jpg,Vireo
train/Vireo/Vireo34.jpg,Vireo
train/Vireo/Vireo50.jpg,Vireo
train/Vireo/Vireo42.jpg,Vireo
train/Vireo/Vireo35.jpg,Vireo
train/Vireo/Vireo60.jpg,Vireo
train/Vireo/Vireo44.jpg,Vireo
train/Vireo/Vireo54.jpg,Vireo
train/Vireo/Vireo83.jpg,Vireo
train/Vireo/Vireo10.jpg,Vireo
train/Vireo/Vireo87.jpg,Vireo
train/Vireo/Vireo30.jpg,Vireo
train/Vireo/Vireo15.jpg,Vireo
train/Vireo/Vireo49.jpg,Vireo
train/Vireo/Vireo7.jpg,Vireo
train/Vireo/Vireo45.jpg,Vireo
train/Vireo/Vireo59.jpg,Vireo
train/Vireo/Vireo17.jpg,Vireo
train/Vireo/Vireo6.jpg,Vireo
train/Vireo/Vireo14.jpg,Vireo
train/Vireo/Vireo73.jpg,Vireo
train/Vireo/Vireo22.jpg,Vireo
train/Vireo/Vireo25.jpg,Vireo
train/Vireo/Vireo75.jpg,Vireo
train/Vireo/Vireo80.jpg,Vireo
train/Vireo/Vireo71.jpg,Vireo
train/Vireo/Vireo66.jpg,Vireo
train/Vireo/Vireo86.jpg,Vireo
train/Vireo/Vireo8.jpg,Vireo
train/Vireo/Vireo18.jpg,Vireo
train/Vireo/Vireo56.jpg,Vireo
train/Vireo/Vireo88.jpg,Vireo
train/Vireo/Vireo55.jpg,Vireo
train/Vireo/Vireo58.jpg,Vireo
train/Vireo/Vireo74.jpg,Vireo
train/Vireo/Vireo65.jpg,Vireo
train/Vireo/Vireo36.jpg,Vireo
train/Vireo/Vireo53.jpg,Vireo
train/Vireo/Vireo76.jpg,Vireo
train/Vireo/Vireo61.jpg,Vireo
train/Vireo/Vireo32.jpg,Vireo
train/Vireo/Vireo84.jpg,Vireo
train/Vireo/Vireo21.jpg,Vireo
train/Vireo/Vireo41.jpg,Vireo
train/Vireo/Vireo52.jpg,Vireo
train/Vireo/Vireo43.jpg,Vireo
train/Vireo/Vireo20.jpg,Vireo
train/Vireo/Vireo46.jpg,Vireo
train/Vireo/Vireo2.jpg,Vireo
train/Vireo/Vireo3.jpg,Vireo
train/Vireo/Vireo81.jpg,Vireo
train/Vireo/Vireo26.jpg,Vireo
train/Vireo/Vireo38.jpg,Vireo
train/Vireo/Vireo37.jpg,Vireo
train/Vireo/Vireo92.jpg,Vireo
train/Vireo/Vireo68.jpg,Vireo
train/Vireo/Vireo63.jpg,Vireo
train/Vireo/Vireo82.jpg,Vireo
train/Vireo/Vireo11.jpg,Vireo
train/Vireo/Vireo77.jpg,Vireo
train/Vireo/Vireo79.jpg,Vireo
train/Vireo/Vireo28.jpg,Vireo
train/Vireo/Vireo23.jpg,Vireo
train/Vireo/Vireo12.jpg,Vireo
train/Vireo/Vireo1.jpg,Vireo
train/Vireo/Vireo47.jpg,Vireo
train/Vireo/Vireo67.jpg,Vireo
train/Vireo/Vireo33.jpg,Vireo
train/Vireo/Vireo51.jpg,Vireo
train/Vireo/Vireo64.jpg,Vireo
train/Vireo/Vireo16.jpg,Vireo
train/Vireo/Vireo5.jpg,Vireo
train/Vireo/Vireo24.jpg,Vireo
train/Vireo/Vireo48.jpg,Vireo
train/Vireo/Vireo78.jpg,Vireo
train/Vireo/Vireo29.jpg,Vireo
train/Vireo/Vireo39.jpg,Vireo
train/Vireo/Vireo9.jpg,Vireo
train/Vireo/Vireo85.jpg,Vireo
train/Vireo/Vireo70.jpg,Vireo
train/Vireo/Vireo4.jpg,Vireo
train/Vireo/Vireo57.jpg,Vireo
train/Vireo/Vireo69.jpg,Vireo
train/Vireo/Vireo90.jpg,Vireo
train/Vireo/Vireo89.jpg,Vireo
train/Accentor/Accentor14.jpg,Accentor
train/Accentor/Accentor2.jpg,Accentor
train/Accentor/Accentor36.jpg,Accentor
train/Accentor/Accentor11.jpg,Accentor
train/Accentor/Accentor18.jpg,Accentor
train/Accentor/Accentor33.jpg,Accentor
train/Accentor/Accentor25.jpg,Accentor
train/Accentor/Accentor20.jpg,Accentor
train/Accentor/Accentor24.jpg,Accentor
train/Accentor/Accentor35.jpg,Accentor
train/Accentor/Accentor37.jpg,Accentor
train/Accentor/Accentor34.jpg,Accentor
train/Accentor/Accentor28.jpg,Accentor
train/Accentor/Accentor13.jpg,Accentor
train/Accentor/Accentor8.jpg,Accentor
train/Accentor/Accentor10.jpg,Accentor
train/Accentor/Accentor32.jpg,Accentor
train/Accentor/Accentor1.jpg,Accentor
train/Accentor/Accentor5.jpg,Accentor
train/Accentor/Accentor12.jpg,Accentor
train/Accentor/Accentor7.jpg,Accentor
train/Accentor/Accentor16.jpg,Accentor
train/Accentor/Accentor23.jpg,Accentor
train/Accentor/Accentor19.jpg,Accentor
train/Accentor/Accentor17.jpg,Accentor
train/Accentor/Accentor21.jpg,Accentor
train/Accentor/Accentor30.jpg,Accentor
train/Accentor/Accentor3.jpg,Accentor
train/Accentor/Accentor6.jpg,Accentor
train/Accentor/Accentor29.jpg,Accentor
train/Accentor/Accentor22.jpg,Accentor
train/Accentor/Accentor9.jpg,Accentor
train/Accentor/Accentor15.jpg,Accentor
train/Accentor/Accentor4.jpg,Accentor
train/Accentor/Accentor27.jpg,Accentor
train/Accentor/Accentor31.jpg,Accentor
train/Accentor/Accentor26.jpg,Accentor
train/Crow/Crow34.jpg,Crow
train/Crow/Crow24.jpg,Crow
train/Crow/Crow48.jpg,Crow
train/Crow/Crow56.jpg,Crow
train/Crow/Crow19.jpg,Crow
train/Crow/Crow30.jpg,Crow
train/Crow/Crow28.jpg,Crow
train/Crow/Crow5.jpg,Crow
train/Crow/Crow46.jpg,Crow
train/Crow/Crow14.jpg,Crow
train/Crow/Crow39.jpg,Crow
train/Crow/Crow15.jpg,Crow
train/Crow/Crow7.jpg,Crow
train/Crow/Crow21.jpg,Crow
train/Crow/Crow57.jpg,Crow
train/Crow/Crow18.jpg,Crow
train/Crow/Crow65.jpg,Crow
train/Crow/Crow26.jpg,Crow
train/Crow/Crow4.jpg,Crow
train/Crow/Crow2.jpg,Crow
train/Crow/Crow31.jpg,Crow
train/Crow/Crow42.jpg,Crow
train/Crow/Crow33.jpg,Crow
train/Crow/Crow35.jpg,Crow
train/Crow/Crow17.jpg,Crow
train/Crow/Crow51.jpg,Crow
train/Crow/Crow27.jpg,Crow
train/Crow/Crow11.jpg,Crow
train/Crow/Crow45.jpg,Crow
train/Crow/Crow52.jpg,Crow
train/Crow/Crow61.jpg,Crow
train/Crow/Crow43.jpg,Crow
train/Crow/Crow9.jpg,Crow
train/Crow/Crow64.jpg,Crow
train/Crow/Crow49.jpg,Crow
train/Crow/Crow13.jpg,Crow
train/Crow/Crow16.jpg,Crow
train/Crow/Crow22.jpg,Crow
train/Crow/Crow47.jpg,Crow
train/Crow/Crow37.jpg,Crow
train/Crow/Crow59.jpg,Crow
train/Crow/Crow53.jpg,Crow
train/Crow/Crow8.jpg,Crow
train/Crow/Crow58.jpg,Crow
train/Crow/Crow25.jpg,Crow
train/Crow/Crow38.jpg,Crow
train/Crow/Crow1.jpg,Crow
train/Crow/Crow12.jpg,Crow
train/Crow/Crow60.jpg,Crow
train/Crow/Crow44.jpg,Crow
train/Crow/Crow23.jpg,Crow
train/Crow/Crow50.jpg,Crow
train/Crow/Crow10.jpg,Crow
train/Crow/Crow67.jpg,Crow
train/Crow/Crow36.jpg,Crow
train/Crow/Crow54.jpg,Crow
train/Crow/Crow20.jpg,Crow
train/Crow/Crow40.jpg,Crow
train/Crow/Crow32.jpg,Crow
train/Crow/Crow41.jpg,Crow
train/Crow/Crow55.jpg,Crow
train/Crow/Crow6.jpg,Crow
train/Crow/Crow68.jpg,Crow
train/Crow/Crow62.jpg,Crow
train/Crow/Crow63.jpg,Crow
train/Crow/Crow3.jpg,Crow
train/Crow/Crow29.jpg,Crow
train/Crow/Crow66.jpg,Crow
train/Grouse/Grouse16.jpg,Grouse
train/Grouse/Grouse37.jpg,Grouse
train/Grouse/Grouse29.jpg,Grouse
train/Grouse/Grouse46.jpg,Grouse
train/Grouse/Grouse32.jpg,Grouse
train/Grouse/Grouse49.jpg,Grouse
train/Grouse/Grouse12.jpg,Grouse
train/Grouse/Grouse25.jpg,Grouse
train/Grouse/Grouse7.jpg,Grouse
train/Grouse/Grouse13.jpg,Grouse
train/Grouse/Grouse30.jpg,Grouse
train/Grouse/Grouse5.jpg,Grouse
train/Grouse/Grouse3.jpg,Grouse
train/Grouse/Grouse27.jpg,Grouse
train/Grouse/Grouse39.jpg,Grouse
train/Grouse/Grouse41.jpg,Grouse
train/Grouse/Grouse11.jpg,Grouse
train/Grouse/Grouse40.jpg,Grouse
train/Grouse/Grouse24.jpg,Grouse
train/Grouse/Grouse9.jpg,Grouse
train/Grouse/Grouse38.jpg,Grouse
train/Grouse/Grouse36.jpg,Grouse
train/Grouse/Grouse26.jpg,Grouse
train/Grouse/Grouse6.jpg,Grouse
train/Grouse/Grouse52.jpg,Grouse
train/Grouse/Grouse31.jpg,Grouse
train/Grouse/Grouse43.jpg,Grouse
train/Grouse/Grouse45.jpg,Grouse
train/Grouse/Grouse28.jpg,Grouse
train/Grouse/Grouse21.jpg,Grouse
train/Grouse/Grouse34.jpg,Grouse
train/Grouse/Grouse48.jpg,Grouse
train/Grouse/Grouse20.jpg,Grouse
train/Grouse/Grouse42.jpg,Grouse
train/Grouse/Grouse19.jpg,Grouse
train/Grouse/Grouse14.jpg,Grouse
train/Grouse/Grouse47.jpg,Grouse
train/Grouse/Grouse17.jpg,Grouse
train/Grouse/Grouse50.jpg,Grouse
train/Grouse/Grouse44.jpg,Grouse
train/Grouse/Grouse10.jpg,Grouse
train/Grouse/Grouse33.jpg,Grouse
train/Grouse/Grouse8.jpg,Grouse
train/Grouse/Grouse15.jpg,Grouse
train/Grouse/Grouse1.jpg,Grouse
train/Grouse/Grouse35.jpg,Grouse
train/Grouse/Grouse2.jpg,Grouse
train/Grouse/Grouse22.jpg,Grouse
train/Grouse/Grouse23.jpg,Grouse
train/Grouse/Grouse18.jpg,Grouse
train/Grouse/Grouse51.jpg,Grouse
train/Grouse/Grouse4.jpg,Grouse
train/Pigeon/Pigeon19.jpg,Pigeon
train/Pigeon/Pigeon20.jpg,Pigeon
train/Pigeon/Pigeon39.jpg,Pigeon
train/Pigeon/Pigeon51.jpg,Pigeon
train/Pigeon/Pigeon3.jpg,Pigeon
train/Pigeon/Pigeon41.jpg,Pigeon
train/Pigeon/Pigeon40.jpg,Pigeon
train/Pigeon/Pigeon48.jpg,Pigeon
train/Pigeon/Pigeon12.jpg,Pigeon
train/Pigeon/Pigeon52.jpg,Pigeon
train/Pigeon/Pigeon25.jpg,Pigeon
train/Pigeon/Pigeon29.jpg,Pigeon
train/Pigeon/Pigeon42.jpg,Pigeon
train/Pigeon/Pigeon1.jpg,Pigeon
train/Pigeon/Pigeon30.jpg,Pigeon
train/Pigeon/Pigeon43.jpg,Pigeon
train/Pigeon/Pigeon8.jpg,Pigeon
train/Pigeon/Pigeon18.jpg,Pigeon
train/Pigeon/Pigeon34.jpg,Pigeon
train/Pigeon/Pigeon16.jpg,Pigeon
train/Pigeon/Pigeon6.jpg,Pigeon
train/Pigeon/Pigeon4.jpg,Pigeon
train/Pigeon/Pigeon21.jpg,Pigeon
train/Pigeon/Pigeon28.jpg,Pigeon
train/Pigeon/Pigeon35.jpg,Pigeon
train/Pigeon/Pigeon10.jpg,Pigeon
train/Pigeon/Pigeon27.jpg,Pigeon
train/Pigeon/Pigeon22.jpg,Pigeon
train/Pigeon/Pigeon24.jpg,Pigeon
train/Pigeon/Pigeon33.jpg,Pigeon
train/Pigeon/Pigeon5.jpg,Pigeon
train/Pigeon/Pigeon36.jpg,Pigeon
train/Pigeon/Pigeon47.jpg,Pigeon
train/Pigeon/Pigeon37.jpg,Pigeon
train/Pigeon/Pigeon17.jpg,Pigeon
train/Pigeon/Pigeon14.jpg,Pigeon
train/Pigeon/Pigeon31.jpg,Pigeon
train/Pigeon/Pigeon45.jpg,Pigeon
train/Pigeon/Pigeon15.jpg,Pigeon
train/Pigeon/Pigeon32.jpg,Pigeon
train/Pigeon/Pigeon49.jpg,Pigeon
train/Pigeon/Pigeon2.jpg,Pigeon
train/Pigeon/Pigeon50.jpg,Pigeon
train/Pigeon/Pigeon7.jpg,Pigeon
train/Pigeon/Pigeon46.jpg,Pigeon
train/Pigeon/Pigeon23.jpg,Pigeon
train/Pigeon/Pigeon38.jpg,Pigeon
train/Pigeon/Pigeon9.jpg,Pigeon
train/Pigeon/Pigeon11.jpg,Pigeon
train/Pigeon/Pigeon13.jpg,Pigeon
train/Pigeon/Pigeon44.jpg,Pigeon
train/Pigeon/Pigeon26.jpg,Pigeon
train/Flycatcher/Flycatcher18.jpg,Flycatcher
train/Flycatcher/Flycatcher59.jpg,Flycatcher
train/Flycatcher/Flycatcher12.jpg,Flycatcher
train/Flycatcher/Flycatcher27.jpg,Flycatcher
train/Flycatcher/Flycatcher66.jpg,Flycatcher
train/Flycatcher/Flycatcher14.jpg,Flycatcher
train/Flycatcher/Flycatcher21.jpg,Flycatcher
train/Flycatcher/Flycatcher38.jpg,Flycatcher
train/Flycatcher/Flycatcher46.jpg,Flycatcher
train/Flycatcher/Flycatcher1.jpg,Flycatcher
train/Flycatcher/Flycatcher50.jpg,Flycatcher
train/Flycatcher/Flycatcher24.jpg,Flycatcher
train/Flycatcher/Flycatcher44.jpg,Flycatcher
train/Flycatcher/Flycatcher29.jpg,Flycatcher
train/Flycatcher/Flycatcher57.jpg,Flycatcher
train/Flycatcher/Flycatcher37.jpg,Flycatcher
train/Flycatcher/Flycatcher43.jpg,Flycatcher
train/Flycatcher/Flycatcher13.jpg,Flycatcher
train/Flycatcher/Flycatcher78.jpg,Flycatcher
train/Flycatcher/Flycatcher40.jpg,Flycatcher
train/Flycatcher/Flycatcher73.jpg,Flycatcher
train/Flycatcher/Flycatcher8.jpg,Flycatcher
train/Flycatcher/Flycatcher69.jpg,Flycatcher
train/Flycatcher/Flycatcher42.jpg,Flycatcher
train/Flycatcher/Flycatcher84.jpg,Flycatcher
train/Flycatcher/Flycatcher9.jpg,Flycatcher
train/Flycatcher/Flycatcher32.jpg,Flycatcher
train/Flycatcher/Flycatcher2.jpg,Flycatcher
train/Flycatcher/Flycatcher47.jpg,Flycatcher
train/Flycatcher/Flycatcher10.jpg,Flycatcher
train/Flycatcher/Flycatcher68.jpg,Flycatcher
train/Flycatcher/Flycatcher34.jpg,Flycatcher
train/Flycatcher/Flycatcher35.jpg,Flycatcher
train/Flycatcher/Flycatcher39.jpg,Flycatcher
train/Flycatcher/Flycatcher58.jpg,Flycatcher
train/Flycatcher/Flycatcher60.jpg,Flycatcher
train/Flycatcher/Flycatcher61.jpg,Flycatcher
train/Flycatcher/Flycatcher70.jpg,Flycatcher
train/Flycatcher/Flycatcher22.jpg,Flycatcher
train/Flycatcher/Flycatcher4.jpg,Flycatcher
train/Flycatcher/Flycatcher52.jpg,Flycatcher
train/Flycatcher/Flycatcher79.jpg,Flycatcher
train/Flycatcher/Flycatcher86.jpg,Flycatcher
train/Flycatcher/Flycatcher17.jpg,Flycatcher
train/Flycatcher/Flycatcher30.jpg,Flycatcher
train/Flycatcher/Flycatcher77.jpg,Flycatcher
train/Flycatcher/Flycatcher82.jpg,Flycatcher
train/Flycatcher/Flycatcher56.jpg,Flycatcher
train/Flycatcher/Flycatcher54.jpg,Flycatcher
train/Flycatcher/Flycatcher19.jpg,Flycatcher
train/Flycatcher/Flycatcher55.jpg,Flycatcher
train/Flycatcher/Flycatcher64.jpg,Flycatcher
train/Flycatcher/Flycatcher33.jpg,Flycatcher
train/Flycatcher/Flycatcher74.jpg,Flycatcher
train/Flycatcher/Flycatcher51.jpg,Flycatcher
train/Flycatcher/Flycatcher75.jpg,Flycatcher
train/Flycatcher/Flycatcher25.jpg,Flycatcher
train/Flycatcher/Flycatcher41.jpg,Flycatcher
train/Flycatcher/Flycatcher6.jpg,Flycatcher
train/Flycatcher/Flycatcher85.jpg,Flycatcher
train/Flycatcher/Flycatcher63.jpg,Flycatcher
train/Flycatcher/Flycatcher16.jpg,Flycatcher
train/Flycatcher/Flycatcher31.jpg,Flycatcher
train/Flycatcher/Flycatcher71.jpg,Flycatcher
train/Flycatcher/Flycatcher83.jpg,Flycatcher
train/Flycatcher/Flycatcher62.jpg,Flycatcher
train/Flycatcher/Flycatcher81.jpg,Flycatcher
train/Flycatcher/Flycatcher3.jpg,Flycatcher
train/Flycatcher/Flycatcher67.jpg,Flycatcher
train/Flycatcher/Flycatcher36.jpg,Flycatcher
train/Flycatcher/Flycatcher26.jpg,Flycatcher
train/Flycatcher/Flycatcher76.jpg,Flycatcher
train/Flycatcher/Flycatcher28.jpg,Flycatcher
train/Flycatcher/Flycatcher80.jpg,Flycatcher
train/Flycatcher/Flycatcher5.jpg,Flycatcher
train/Flycatcher/Flycatcher49.jpg,Flycatcher
train/Flycatcher/Flycatcher65.jpg,Flycatcher
train/Flycatcher/Flycatcher45.jpg,Flycatcher
train/Flycatcher/Flycatcher53.jpg,Flycatcher
train/Flycatcher/Flycatcher11.jpg,Flycatcher
train/Flycatcher/Flycatcher7.jpg,Flycatcher
train/Flycatcher/Flycatcher23.jpg,Flycatcher
train/Flycatcher/Flycatcher48.jpg,Flycatcher
train/Flycatcher/Flycatcher72.jpg,Flycatcher
train/Flycatcher/Flycatcher15.jpg,Flycatcher
train/Flycatcher/Flycatcher20.jpg,Flycatcher
train/Stork/Stork56.jpg,Stork
train/Stork/Stork39.jpg,Stork
train/Stork/Stork26.jpg,Stork
train/Stork/Stork11.jpg,Stork
train/Stork/Stork41.jpg,Stork
train/Stork/Stork20.jpg,Stork
train/Stork/Stork47.jpg,Stork
train/Stork/Stork35.jpg,Stork
train/Stork/Stork21.jpg,Stork
train/Stork/Stork46.jpg,Stork
train/Stork/Stork24.jpg,Stork
train/Stork/Stork23.jpg,Stork
train/Stork/Stork7.jpg,Stork
train/Stork/Stork38.jpg,Stork
train/Stork/Stork22.jpg,Stork
train/Stork/Stork58.jpg,Stork
train/Stork/Stork2.jpg,Stork
train/Stork/Stork48.jpg,Stork
train/Stork/Stork53.jpg,Stork
train/Stork/Stork5.jpg,Stork
train/Stork/Stork9.jpg,Stork
train/Stork/Stork42.jpg,Stork
train/Stork/Stork62.jpg,Stork
train/Stork/Stork33.jpg,Stork
train/Stork/Stork59.jpg,Stork
train/Stork/Stork57.jpg,Stork
train/Stork/Stork12.jpg,Stork
train/Stork/Stork13.jpg,Stork
train/Stork/Stork31.jpg,Stork
train/Stork/Stork60.jpg,Stork
train/Stork/Stork15.jpg,Stork
train/Stork/Stork44.jpg,Stork
train/Stork/Stork4.jpg,Stork
train/Stork/Stork36.jpg,Stork
train/Stork/Stork34.jpg,Stork
train/Stork/Stork63.jpg,Stork
train/Stork/Stork45.jpg,Stork
train/Stork/Stork10.jpg,Stork
train/Stork/Stork32.jpg,Stork
train/Stork/Stork14.jpg,Stork
train/Stork/Stork6.jpg,Stork
train/Stork/Stork19.jpg,Stork
train/Stork/Stork27.jpg,Stork
train/Stork/Stork3.jpg,Stork
train/Stork/Stork1.jpg,Stork
train/Stork/Stork40.jpg,Stork
train/Stork/Stork50.jpg,Stork
train/Stork/Stork52.jpg,Stork
train/Stork/Stork25.jpg,Stork
train/Stork/Stork43.jpg,Stork
train/Stork/Stork51.jpg,Stork
train/Stork/Stork30.jpg,Stork
train/Stork/Stork37.jpg,Stork
train/Stork/Stork8.jpg,Stork
train/Stork/Stork16.jpg,Stork
train/Stork/Stork17.jpg,Stork
train/Stork/Stork61.jpg,Stork
train/Stork/Stork54.jpg,Stork
train/Stork/Stork18.jpg,Stork
train/Stork/Stork29.jpg,Stork
train/Stork/Stork49.jpg,Stork
train/Stork/Stork55.jpg,Stork
train/Stork/Stork28.jpg,Stork
train/Macaw/Macaw24.jpg,Macaw
train/Macaw/Macaw59.jpg,Macaw
train/Macaw/Macaw4.jpg,Macaw
train/Macaw/Macaw44.jpg,Macaw
train/Macaw/Macaw13.jpg,Macaw
train/Macaw/Macaw5.jpg,Macaw
train/Macaw/Macaw33.jpg,Macaw
train/Macaw/Macaw28.jpg,Macaw
train/Macaw/Macaw53.jpg,Macaw
train/Macaw/Macaw32.jpg,Macaw
train/Macaw/Macaw49.jpg,Macaw
train/Macaw/Macaw54.jpg,Macaw
train/Macaw/Macaw58.jpg,Macaw
train/Macaw/Macaw19.jpg,Macaw
train/Macaw/Macaw42.jpg,Macaw
train/Macaw/Macaw36.jpg,Macaw
train/Macaw/Macaw37.jpg,Macaw
train/Macaw/Macaw34.jpg,Macaw
train/Macaw/Macaw2.jpg,Macaw
train/Macaw/Macaw26.jpg,Macaw
train/Macaw/Macaw10.jpg,Macaw
train/Macaw/Macaw17.jpg,Macaw
train/Macaw/Macaw52.jpg,Macaw
train/Macaw/Macaw47.jpg,Macaw
train/Macaw/Macaw22.jpg,Macaw
train/Macaw/Macaw21.jpg,Macaw
train/Macaw/Macaw8.jpg,Macaw
train/Macaw/Macaw14.jpg,Macaw
train/Macaw/Macaw25.jpg,Macaw
train/Macaw/Macaw27.jpg,Macaw
train/Macaw/Macaw51.jpg,Macaw
train/Macaw/Macaw40.jpg,Macaw
train/Macaw/Macaw43.jpg,Macaw
train/Macaw/Macaw38.jpg,Macaw
train/Macaw/Macaw41.jpg,Macaw
train/Macaw/Macaw31.jpg,Macaw
train/Macaw/Macaw18.jpg,Macaw
train/Macaw/Macaw12.jpg,Macaw
train/Macaw/Macaw46.jpg,Macaw
train/Macaw/Macaw23.jpg,Macaw
train/Macaw/Macaw3.jpg,Macaw
train/Macaw/Macaw61.jpg,Macaw
train/Macaw/Macaw55.jpg,Macaw
train/Macaw/Macaw56.jpg,Macaw
train/Macaw/Macaw57.jpg,Macaw
train/Macaw/Macaw60.jpg,Macaw
train/Macaw/Macaw45.jpg,Macaw
train/Macaw/Macaw30.jpg,Macaw
train/Macaw/Macaw50.jpg,Macaw
train/Macaw/Macaw16.jpg,Macaw
train/Macaw/Macaw7.jpg,Macaw
train/Macaw/Macaw6.jpg,Macaw
train/Macaw/Macaw15.jpg,Macaw
train/Macaw/Macaw9.jpg,Macaw
train/Macaw/Macaw11.jpg,Macaw
train/Macaw/Macaw1.jpg,Macaw
train/Macaw/Macaw35.jpg,Macaw
train/Macaw/Macaw62.jpg,Macaw
train/Macaw/Macaw29.jpg,Macaw
train/Macaw/Macaw39.jpg,Macaw
train/Macaw/Macaw48.jpg,Macaw
train/Macaw/Macaw20.jpg,Macaw
train/Tyrant/Tyrant2.jpg,Tyrant
train/Tyrant/Tyrant47.jpg,Tyrant
train/Tyrant/Tyrant22.jpg,Tyrant
train/Tyrant/Tyrant29.jpg,Tyrant
train/Tyrant/Tyrant21.jpg,Tyrant
train/Tyrant/Tyrant48.jpg,Tyrant
train/Tyrant/Tyrant9.jpg,Tyrant
train/Tyrant/Tyrant41.jpg,Tyrant
train/Tyrant/Tyrant25.jpg,Tyrant
train/Tyrant/Tyrant38.jpg,Tyrant
train/Tyrant/Tyrant1.jpg,Tyrant
train/Tyrant/Tyrant34.jpg,Tyrant
train/Tyrant/Tyrant24.jpg,Tyrant
train/Tyrant/Tyrant31.jpg,Tyrant
train/Tyrant/Tyrant18.jpg,Tyrant
train/Tyrant/Tyrant33.jpg,Tyrant
train/Tyrant/Tyrant49.jpg,Tyrant
train/Tyrant/Tyrant10.jpg,Tyrant
train/Tyrant/Tyrant43.jpg,Tyrant
train/Tyrant/Tyrant8.jpg,Tyrant
train/Tyrant/Tyrant5.jpg,Tyrant
train/Tyrant/Tyrant14.jpg,Tyrant
train/Tyrant/Tyrant39.jpg,Tyrant
train/Tyrant/Tyrant19.jpg,Tyrant
train/Tyrant/Tyrant13.jpg,Tyrant
train/Tyrant/Tyrant27.jpg,Tyrant
train/Tyrant/Tyrant6.jpg,Tyrant
train/Tyrant/Tyrant16.jpg,Tyrant
train/Tyrant/Tyrant20.jpg,Tyrant
train/Tyrant/Tyrant15.jpg,Tyrant
train/Tyrant/Tyrant17.jpg,Tyrant
train/Tyrant/Tyrant35.jpg,Tyrant
train/Tyrant/Tyrant30.jpg,Tyrant
train/Tyrant/Tyrant12.jpg,Tyrant
train/Tyrant/Tyrant26.jpg,Tyrant
train/Tyrant/Tyrant44.jpg,Tyrant
train/Tyrant/Tyrant7.jpg,Tyrant
train/Tyrant/Tyrant46.jpg,Tyrant
train/Tyrant/Tyrant3.jpg,Tyrant
train/Tyrant/Tyrant32.jpg,Tyrant
train/Tyrant/Tyrant40.jpg,Tyrant
train/Tyrant/Tyrant11.jpg,Tyrant
train/Tyrant/Tyrant4.jpg,Tyrant
train/Tyrant/Tyrant23.jpg,Tyrant
train/Tyrant/Tyrant36.jpg,Tyrant
train/Tyrant/Tyrant42.jpg,Tyrant
train/Tyrant/Tyrant37.jpg,Tyrant
train/Tyrant/Tyrant28.jpg,Tyrant
train/Tyrant/Tyrant45.jpg,Tyrant
train/Tyrant/Tyrant50.jpg,Tyrant
train/Trogon/Trogon39.jpg,Trogon
train/Trogon/Trogon98.jpg,Trogon
train/Trogon/Trogon81.jpg,Trogon
train/Trogon/Trogon85.jpg,Trogon
train/Trogon/Trogon38.jpg,Trogon
train/Trogon/Trogon44.jpg,Trogon
train/Trogon/Trogon92.jpg,Trogon
train/Trogon/Trogon27.jpg,Trogon
train/Trogon/Trogon29.jpg,Trogon
train/Trogon/Trogon96.jpg,Trogon
train/Trogon/Trogon16.jpg,Trogon
train/Trogon/Trogon93.jpg,Trogon
train/Trogon/Trogon68.jpg,Trogon
train/Trogon/Trogon12.jpg,Trogon
train/Trogon/Trogon60.jpg,Trogon
train/Trogon/Trogon7.jpg,Trogon
train/Trogon/Trogon73.jpg,Trogon
train/Trogon/Trogon18.jpg,Trogon
train/Trogon/Trogon55.jpg,Trogon
train/Trogon/Trogon42.jpg,Trogon
train/Trogon/Trogon82.jpg,Trogon
train/Trogon/Trogon23.jpg,Trogon
train/Trogon/Trogon45.jpg,Trogon
train/Trogon/Trogon10.jpg,Trogon
train/Trogon/Trogon54.jpg,Trogon
train/Trogon/Trogon72.jpg,Trogon
train/Trogon/Trogon20.jpg,Trogon
train/Trogon/Trogon61.jpg,Trogon
train/Trogon/Trogon58.jpg,Trogon
train/Trogon/Trogon91.jpg,Trogon
train/Trogon/Trogon33.jpg,Trogon
train/Trogon/Trogon8.jpg,Trogon
train/Trogon/Trogon30.jpg,Trogon
train/Trogon/Trogon1.jpg,Trogon
train/Trogon/Trogon64.jpg,Trogon
train/Trogon/Trogon69.jpg,Trogon
train/Trogon/Trogon5.jpg,Trogon
train/Trogon/Trogon77.jpg,Trogon
train/Trogon/Trogon9.jpg,Trogon
train/Trogon/Trogon70.jpg,Trogon
train/Trogon/Trogon19.jpg,Trogon
train/Trogon/Trogon101.jpg,Trogon
train/Trogon/Trogon75.jpg,Trogon
train/Trogon/Trogon40.jpg,Trogon
train/Trogon/Trogon76.jpg,Trogon
train/Trogon/Trogon89.jpg,Trogon
train/Trogon/Trogon88.jpg,Trogon
train/Trogon/Trogon15.jpg,Trogon
train/Trogon/Trogon35.jpg,Trogon
train/Trogon/Trogon47.jpg,Trogon
train/Trogon/Trogon94.jpg,Trogon
train/Trogon/Trogon13.jpg,Trogon
train/Trogon/Trogon99.jpg,Trogon
train/Trogon/Trogon22.jpg,Trogon
train/Trogon/Trogon2.jpg,Trogon
train/Trogon/Trogon11.jpg,Trogon
train/Trogon/Trogon24.jpg,Trogon
train/Trogon/Trogon49.jpg,Trogon
train/Trogon/Trogon80.jpg,Trogon
train/Trogon/Trogon34.jpg,Trogon
train/Trogon/Trogon59.jpg,Trogon
train/Trogon/Trogon74.jpg,Trogon
train/Trogon/Trogon50.jpg,Trogon
train/Trogon/Trogon65.jpg,Trogon
train/Trogon/Trogon26.jpg,Trogon
train/Trogon/Trogon78.jpg,Trogon
train/Trogon/Trogon31.jpg,Trogon
train/Trogon/Trogon37.jpg,Trogon
train/Trogon/Trogon66.jpg,Trogon
train/Trogon/Trogon36.jpg,Trogon
train/Trogon/Trogon97.jpg,Trogon
train/Trogon/Trogon67.jpg,Trogon
train/Trogon/Trogon6.jpg,Trogon
train/Trogon/Trogon100.jpg,Trogon
train/Trogon/Trogon21.jpg,Trogon
train/Trogon/Trogon46.jpg,Trogon
train/Trogon/Trogon95.jpg,Trogon
train/Trogon/Trogon62.jpg,Trogon
train/Trogon/Trogon63.jpg,Trogon
train/Trogon/Trogon57.jpg,Trogon
train/Trogon/Trogon53.jpg,Trogon
train/Trogon/Trogon3.jpg,Trogon
train/Trogon/Trogon52.jpg,Trogon
train/Trogon/Trogon84.jpg,Trogon
train/Trogon/Trogon86.jpg,Trogon
train/Trogon/Trogon14.jpg,Trogon
train/Trogon/Trogon56.jpg,Trogon
train/Trogon/Trogon48.jpg,Trogon
train/Trogon/Trogon4.jpg,Trogon
train/Trogon/Trogon83.jpg,Trogon
train/Trogon/Trogon79.jpg,Trogon
train/Trogon/Trogon41.jpg,Trogon
train/Trogon/Trogon32.jpg,Trogon
train/Trogon/Trogon90.jpg,Trogon
train/Trogon/Trogon25.jpg,Trogon
train/Trogon/Trogon51.jpg,Trogon
train/Trogon/Trogon87.jpg,Trogon
train/Trogon/Trogon43.jpg,Trogon
train/Trogon/Trogon28.jpg,Trogon
train/Trogon/Trogon71.jpg,Trogon
train/Trogon/Trogon17.jpg,Trogon
train/Parrot/Parrot4.jpg,Parrot
train/Parrot/Parrot59.jpg,Parrot
train/Parrot/Parrot25.jpg,Parrot
train/Parrot/Parrot5.jpg,Parrot
train/Parrot/Parrot48.jpg,Parrot
train/Parrot/Parrot34.jpg,Parrot
train/Parrot/Parrot52.jpg,Parrot
train/Parrot/Parrot54.jpg,Parrot
train/Parrot/Parrot62.jpg,Parrot
train/Parrot/Parrot37.jpg,Parrot
train/Parrot/Parrot6.jpg,Parrot
train/Parrot/Parrot65.jpg,Parrot
train/Parrot/Parrot40.jpg,Parrot
train/Parrot/Parrot49.jpg,Parrot
train/Parrot/Parrot29.jpg,Parrot
train/Parrot/Parrot36.jpg,Parrot
train/Parrot/Parrot11.jpg,Parrot
train/Parrot/Parrot16.jpg,Parrot
train/Parrot/Parrot35.jpg,Parrot
train/Parrot/Parrot50.jpg,Parrot
train/Parrot/Parrot19.jpg,Parrot
train/Parrot/Parrot45.jpg,Parrot
train/Parrot/Parrot55.jpg,Parrot
train/Parrot/Parrot21.jpg,Parrot
train/Parrot/Parrot18.jpg,Parrot
train/Parrot/Parrot43.jpg,Parrot
train/Parrot/Parrot27.jpg,Parrot
train/Parrot/Parrot22.jpg,Parrot
train/Parrot/Parrot46.jpg,Parrot
train/Parrot/Parrot47.jpg,Parrot
train/Parrot/Parrot57.jpg,Parrot
train/Parrot/Parrot30.jpg,Parrot
train/Parrot/Parrot64.jpg,Parrot
train/Parrot/Parrot1.jpg,Parrot
train/Parrot/Parrot28.jpg,Parrot
train/Parrot/Parrot31.jpg,Parrot
train/Parrot/Parrot14.jpg,Parrot
train/Parrot/Parrot9.jpg,Parrot
train/Parrot/Parrot20.jpg,Parrot
train/Parrot/Parrot10.jpg,Parrot
train/Parrot/Parrot53.jpg,Parrot
train/Parrot/Parrot15.jpg,Parrot
train/Parrot/Parrot32.jpg,Parrot
train/Parrot/Parrot41.jpg,Parrot
train/Parrot/Parrot66.jpg,Parrot
train/Parrot/Parrot7.jpg,Parrot
train/Parrot/Parrot33.jpg,Parrot
train/Parrot/Parrot42.jpg,Parrot
train/Parrot/Parrot2.jpg,Parrot
train/Parrot/Parrot12.jpg,Parrot
train/Parrot/Parrot26.jpg,Parrot
train/Parrot/Parrot24.jpg,Parrot
train/Parrot/Parrot23.jpg,Parrot
train/Parrot/Parrot61.jpg,Parrot
train/Parrot/Parrot39.jpg,Parrot
train/Parrot/Parrot63.jpg,Parrot
train/Parrot/Parrot56.jpg,Parrot
train/Parrot/Parrot60.jpg,Parrot
train/Parrot/Parrot38.jpg,Parrot
train/Parrot/Parrot67.jpg,Parrot
train/Parrot/Parrot44.jpg,Parrot
train/Parrot/Parrot8.jpg,Parrot
train/Parrot/Parrot51.jpg,Parrot
train/Parrot/Parrot17.jpg,Parrot
train/Parrot/Parrot68.jpg,Parrot
train/Parrot/Parrot3.jpg,Parrot
train/Parrot/Parrot13.jpg,Parrot
train/Parrot/Parrot58.jpg,Parrot
train/Mockingbird/Mockingbird7.jpg,Mockingbird
train/Mockingbird/Mockingbird59.jpg,Mockingbird
train/Mockingbird/Mockingbird3.jpg,Mockingbird
train/Mockingbird/Mockingbird20.jpg,Mockingbird
train/Mockingbird/Mockingbird41.jpg,Mockingbird
train/Mockingbird/Mockingbird51.jpg,Mockingbird
train/Mockingbird/Mockingbird61.jpg,Mockingbird
train/Mockingbird/Mockingbird6.jpg,Mockingbird
train/Mockingbird/Mockingbird38.jpg,Mockingbird
train/Mockingbird/Mockingbird39.jpg,Mockingbird
train/Mockingbird/Mockingbird13.jpg,Mockingbird
train/Mockingbird/Mockingbird47.jpg,Mockingbird
train/Mockingbird/Mockingbird11.jpg,Mockingbird
train/Mockingbird/Mockingbird15.jpg,Mockingbird
train/Mockingbird/Mockingbird37.jpg,Mockingbird
train/Mockingbird/Mockingbird17.jpg,Mockingbird
train/Mockingbird/Mockingbird50.jpg,Mockingbird
train/Mockingbird/Mockingbird45.jpg,Mockingbird
train/Mockingbird/Mockingbird2.jpg,Mockingbird
train/Mockingbird/Mockingbird5.jpg,Mockingbird
train/Mockingbird/Mockingbird49.jpg,Mockingbird
train/Mockingbird/Mockingbird21.jpg,Mockingbird
train/Mockingbird/Mockingbird23.jpg,Mockingbird
train/Mockingbird/Mockingbird32.jpg,Mockingbird
train/Mockingbird/Mockingbird26.jpg,Mockingbird
train/Mockingbird/Mockingbird31.jpg,Mockingbird
train/Mockingbird/Mockingbird48.jpg,Mockingbird
train/Mockingbird/Mockingbird29.jpg,Mockingbird
train/Mockingbird/Mockingbird22.jpg,Mockingbird
train/Mockingbird/Mockingbird40.jpg,Mockingbird
train/Mockingbird/Mockingbird46.jpg,Mockingbird
train/Mockingbird/Mockingbird55.jpg,Mockingbird
train/Mockingbird/Mockingbird56.jpg,Mockingbird
train/Mockingbird/Mockingbird53.jpg,Mockingbird
train/Mockingbird/Mockingbird27.jpg,Mockingbird
train/Mockingbird/Mockingbird52.jpg,Mockingbird
train/Mockingbird/Mockingbird8.jpg,Mockingbird
train/Mockingbird/Mockingbird18.jpg,Mockingbird
train/Mockingbird/Mockingbird12.jpg,Mockingbird
train/Mockingbird/Mockingbird60.jpg,Mockingbird
train/Mockingbird/Mockingbird19.jpg,Mockingbird
train/Mockingbird/Mockingbird1.jpg,Mockingbird
train/Mockingbird/Mockingbird4.jpg,Mockingbird
train/Mockingbird/Mockingbird34.jpg,Mockingbird
train/Mockingbird/Mockingbird9.jpg,Mockingbird
train/Mockingbird/Mockingbird30.jpg,Mockingbird
train/Mockingbird/Mockingbird36.jpg,Mockingbird
train/Mockingbird/Mockingbird16.jpg,Mockingbird
train/Mockingbird/Mockingbird24.jpg,Mockingbird
train/Mockingbird/Mockingbird42.jpg,Mockingbird
train/Mockingbird/Mockingbird57.jpg,Mockingbird
train/Mockingbird/Mockingbird58.jpg,Mockingbird
train/Mockingbird/Mockingbird43.jpg,Mockingbird
train/Mockingbird/Mockingbird14.jpg,Mockingbird
train/Mockingbird/Mockingbird35.jpg,Mockingbird
train/Mockingbird/Mockingbird54.jpg,Mockingbird
train/Mockingbird/Mockingbird44.jpg,Mockingbird
train/Mockingbird/Mockingbird10.jpg,Mockingbird
train/Mockingbird/Mockingbird28.jpg,Mockingbird
train/Mockingbird/Mockingbird25.jpg,Mockingbird
train/Mockingbird/Mockingbird33.jpg,Mockingbird
train/Partridge/Partridge41.jpg,Partridge
train/Partridge/Partridge7.jpg,Partridge
train/Partridge/Partridge51.jpg,Partridge
train/Partridge/Partridge9.jpg,Partridge
train/Partridge/Partridge19.jpg,Partridge
train/Partridge/Partridge11.jpg,Partridge
train/Partridge/Partridge43.jpg,Partridge
train/Partridge/Partridge37.jpg,Partridge
train/Partridge/Partridge30.jpg,Partridge
train/Partridge/Partridge35.jpg,Partridge
train/Partridge/Partridge62.jpg,Partridge
train/Partridge/Partridge31.jpg,Partridge
train/Partridge/Partridge25.jpg,Partridge
train/Partridge/Partridge17.jpg,Partridge
train/Partridge/Partridge36.jpg,Partridge
train/Partridge/Partridge1.jpg,Partridge
train/Partridge/Partridge46.jpg,Partridge
train/Partridge/Partridge14.jpg,Partridge
train/Partridge/Partridge8.jpg,Partridge
train/Partridge/Partridge32.jpg,Partridge
train/Partridge/Partridge48.jpg,Partridge
train/Partridge/Partridge18.jpg,Partridge
train/Partridge/Partridge22.jpg,Partridge
train/Partridge/Partridge50.jpg,Partridge
train/Partridge/Partridge56.jpg,Partridge
train/Partridge/Partridge26.jpg,Partridge
train/Partridge/Partridge45.jpg,Partridge
train/Partridge/Partridge33.jpg,Partridge
train/Partridge/Partridge60.jpg,Partridge
train/Partridge/Partridge4.jpg,Partridge
train/Partridge/Partridge20.jpg,Partridge
train/Partridge/Partridge54.jpg,Partridge
train/Partridge/Partridge16.jpg,Partridge
train/Partridge/Partridge5.jpg,Partridge
train/Partridge/Partridge38.jpg,Partridge
train/Partridge/Partridge27.jpg,Partridge
train/Partridge/Partridge12.jpg,Partridge
train/Partridge/Partridge28.jpg,Partridge
train/Partridge/Partridge52.jpg,Partridge
train/Partridge/Partridge53.jpg,Partridge
train/Partridge/Partridge63.jpg,Partridge
train/Partridge/Partridge24.jpg,Partridge
train/Partridge/Partridge40.jpg,Partridge
train/Partridge/Partridge59.jpg,Partridge
train/Partridge/Partridge58.jpg,Partridge
train/Partridge/Partridge15.jpg,Partridge
train/Partridge/Partridge49.jpg,Partridge
train/Partridge/Partridge29.jpg,Partridge
train/Partridge/Partridge55.jpg,Partridge
train/Partridge/Partridge23.jpg,Partridge
train/Partridge/Partridge21.jpg,Partridge
train/Partridge/Partridge44.jpg,Partridge
train/Partridge/Partridge34.jpg,Partridge
train/Partridge/Partridge57.jpg,Partridge
train/Partridge/Partridge47.jpg,Partridge
train/Partridge/Partridge6.jpg,Partridge
train/Partridge/Partridge2.jpg,Partridge
train/Partridge/Partridge13.jpg,Partridge
train/Partridge/Partridge61.jpg,Partridge
train/Partridge/Partridge42.jpg,Partridge
train/Partridge/Partridge10.jpg,Partridge
train/Partridge/Partridge39.jpg,Partridge
train/Partridge/Partridge3.jpg,Partridge
train/Wagtail/Wagtail2.jpg,Wagtail
train/Wagtail/Wagtail8.jpg,Wagtail
train/Wagtail/Wagtail15.jpg,Wagtail
train/Wagtail/Wagtail23.jpg,Wagtail
train/Wagtail/Wagtail31.jpg,Wagtail
train/Wagtail/Wagtail19.jpg,Wagtail
train/Wagtail/Wagtail36.jpg,Wagtail
train/Wagtail/Wagtail42.jpg,Wagtail
train/Wagtail/Wagtail17.jpg,Wagtail
train/Wagtail/Wagtail38.jpg,Wagtail
train/Wagtail/Wagtail49.jpg,Wagtail
train/Wagtail/Wagtail51.jpg,Wagtail
train/Wagtail/Wagtail40.jpg,Wagtail
train/Wagtail/Wagtail5.jpg,Wagtail
train/Wagtail/Wagtail20.jpg,Wagtail
train/Wagtail/Wagtail26.jpg,Wagtail
train/Wagtail/Wagtail28.jpg,Wagtail
train/Wagtail/Wagtail56.jpg,Wagtail
train/Wagtail/Wagtail9.jpg,Wagtail
train/Wagtail/Wagtail18.jpg,Wagtail
train/Wagtail/Wagtail52.jpg,Wagtail
train/Wagtail/Wagtail45.jpg,Wagtail
train/Wagtail/Wagtail57.jpg,Wagtail
train/Wagtail/Wagtail27.jpg,Wagtail
train/Wagtail/Wagtail50.jpg,Wagtail
train/Wagtail/Wagtail59.jpg,Wagtail
train/Wagtail/Wagtail21.jpg,Wagtail
train/Wagtail/Wagtail6.jpg,Wagtail
train/Wagtail/Wagtail41.jpg,Wagtail
train/Wagtail/Wagtail37.jpg,Wagtail
train/Wagtail/Wagtail12.jpg,Wagtail
train/Wagtail/Wagtail47.jpg,Wagtail
train/Wagtail/Wagtail30.jpg,Wagtail
train/Wagtail/Wagtail13.jpg,Wagtail
train/Wagtail/Wagtail3.jpg,Wagtail
train/Wagtail/Wagtail54.jpg,Wagtail
train/Wagtail/Wagtail32.jpg,Wagtail
train/Wagtail/Wagtail29.jpg,Wagtail
train/Wagtail/Wagtail22.jpg,Wagtail
train/Wagtail/Wagtail46.jpg,Wagtail
train/Wagtail/Wagtail11.jpg,Wagtail
train/Wagtail/Wagtail7.jpg,Wagtail
train/Wagtail/Wagtail43.jpg,Wagtail
train/Wagtail/Wagtail44.jpg,Wagtail
train/Wagtail/Wagtail53.jpg,Wagtail
train/Wagtail/Wagtail33.jpg,Wagtail
train/Wagtail/Wagtail4.jpg,Wagtail
train/Wagtail/Wagtail58.jpg,Wagtail
train/Wagtail/Wagtail35.jpg,Wagtail
train/Wagtail/Wagtail1.jpg,Wagtail
train/Wagtail/Wagtail10.jpg,Wagtail
train/Wagtail/Wagtail48.jpg,Wagtail
train/Wagtail/Wagtail14.jpg,Wagtail
train/Wagtail/Wagtail24.jpg,Wagtail
train/Wagtail/Wagtail16.jpg,Wagtail
train/Wagtail/Wagtail34.jpg,Wagtail
train/Wagtail/Wagtail25.jpg,Wagtail
train/Wagtail/Wagtail39.jpg,Wagtail
train/Wagtail/Wagtail55.jpg,Wagtail
train/Lapwing/Lapwing12.jpg,Lapwing
train/Lapwing/Lapwing90.jpg,Lapwing
train/Lapwing/Lapwing53.jpg,Lapwing
train/Lapwing/Lapwing62.jpg,Lapwing
train/Lapwing/Lapwing84.jpg,Lapwing
train/Lapwing/Lapwing77.jpg,Lapwing
train/Lapwing/Lapwing3.jpg,Lapwing
train/Lapwing/Lapwing70.jpg,Lapwing
train/Lapwing/Lapwing18.jpg,Lapwing
train/Lapwing/Lapwing9.jpg,Lapwing
train/Lapwing/Lapwing49.jpg,Lapwing
train/Lapwing/Lapwing26.jpg,Lapwing
train/Lapwing/Lapwing67.jpg,Lapwing
train/Lapwing/Lapwing47.jpg,Lapwing
train/Lapwing/Lapwing11.jpg,Lapwing
train/Lapwing/Lapwing30.jpg,Lapwing
train/Lapwing/Lapwing65.jpg,Lapwing
train/Lapwing/Lapwing33.jpg,Lapwing
train/Lapwing/Lapwing73.jpg,Lapwing
train/Lapwing/Lapwing45.jpg,Lapwing
train/Lapwing/Lapwing80.jpg,Lapwing
train/Lapwing/Lapwing87.jpg,Lapwing
train/Lapwing/Lapwing71.jpg,Lapwing
train/Lapwing/Lapwing57.jpg,Lapwing
train/Lapwing/Lapwing85.jpg,Lapwing
train/Lapwing/Lapwing2.jpg,Lapwing
train/Lapwing/Lapwing64.jpg,Lapwing
train/Lapwing/Lapwing50.jpg,Lapwing
train/Lapwing/Lapwing42.jpg,Lapwing
train/Lapwing/Lapwing6.jpg,Lapwing
train/Lapwing/Lapwing58.jpg,Lapwing
train/Lapwing/Lapwing72.jpg,Lapwing
train/Lapwing/Lapwing52.jpg,Lapwing
train/Lapwing/Lapwing35.jpg,Lapwing
train/Lapwing/Lapwing28.jpg,Lapwing
train/Lapwing/Lapwing93.jpg,Lapwing
train/Lapwing/Lapwing25.jpg,Lapwing
train/Lapwing/Lapwing39.jpg,Lapwing
train/Lapwing/Lapwing10.jpg,Lapwing
train/Lapwing/Lapwing27.jpg,Lapwing
train/Lapwing/Lapwing29.jpg,Lapwing
train/Lapwing/Lapwing63.jpg,Lapwing
train/Lapwing/Lapwing4.jpg,Lapwing
train/Lapwing/Lapwing51.jpg,Lapwing
train/Lapwing/Lapwing66.jpg,Lapwing
train/Lapwing/Lapwing46.jpg,Lapwing
train/Lapwing/Lapwing17.jpg,Lapwing
train/Lapwing/Lapwing14.jpg,Lapwing
train/Lapwing/Lapwing7.jpg,Lapwing
train/Lapwing/Lapwing81.jpg,Lapwing
train/Lapwing/Lapwing31.jpg,Lapwing
train/Lapwing/Lapwing74.jpg,Lapwing
train/Lapwing/Lapwing32.jpg,Lapwing
train/Lapwing/Lapwing34.jpg,Lapwing
train/Lapwing/Lapwing24.jpg,Lapwing
train/Lapwing/Lapwing82.jpg,Lapwing
train/Lapwing/Lapwing59.jpg,Lapwing
train/Lapwing/Lapwing91.jpg,Lapwing
train/Lapwing/Lapwing40.jpg,Lapwing
train/Lapwing/Lapwing13.jpg,Lapwing
train/Lapwing/Lapwing36.jpg,Lapwing
train/Lapwing/Lapwing88.jpg,Lapwing
train/Lapwing/Lapwing22.jpg,Lapwing
train/Lapwing/Lapwing23.jpg,Lapwing
train/Lapwing/Lapwing55.jpg,Lapwing
train/Lapwing/Lapwing86.jpg,Lapwing
train/Lapwing/Lapwing60.JPG,Lapwing
train/Lapwing/Lapwing16.jpg,Lapwing
train/Lapwing/Lapwing21.jpg,Lapwing
train/Lapwing/Lapwing43.jpg,Lapwing
train/Lapwing/Lapwing37.jpg,Lapwing
train/Lapwing/Lapwing5.jpg,Lapwing
train/Lapwing/Lapwing89.jpg,Lapwing
train/Lapwing/Lapwing79.jpg,Lapwing
train/Lapwing/Lapwing19.jpg,Lapwing
train/Lapwing/Lapwing76.jpg,Lapwing
train/Lapwing/Lapwing61.jpg,Lapwing
train/Lapwing/Lapwing15.jpg,Lapwing
train/Lapwing/Lapwing75.jpg,Lapwing
train/Lapwing/Lapwing69.jpg,Lapwing
train/Lapwing/Lapwing83.jpg,Lapwing
train/Lapwing/Lapwing68.jpg,Lapwing
train/Lapwing/Lapwing20.jpg,Lapwing
train/Lapwing/Lapwing38.jpg,Lapwing
train/Lapwing/Lapwing1.jpg,Lapwing
train/Lapwing/Lapwing54.jpg,Lapwing
train/Lapwing/Lapwing48.jpg,Lapwing
train/Lapwing/Lapwing8.jpg,Lapwing
train/Lapwing/Lapwing44.jpg,Lapwing
train/Lapwing/Lapwing56.jpg,Lapwing
train/Lapwing/Lapwing92.jpg,Lapwing
train/Lapwing/Lapwing41.jpg,Lapwing
train/Lapwing/Lapwing78.jpg,Lapwing
train/Gnatcatcher/Gnatcatcher34.jpg,Gnatcatcher
train/Gnatcatcher/Gnatcatcher17.jpg,Gnatcatcher
train/Gnatcatcher/Gnatcatcher44.jpg,Gnatcatcher
train/Gnatcatcher/Gnatcatcher37.jpg,Gnatcatcher
train/Gnatcatcher/Gnatcatcher31.jpg,Gnatcatcher
train/Gnatcatcher/Gnatcatcher25.jpg,Gnatcatcher
train/Gnatcatcher/Gnatcatcher4.jpg,Gnatcatcher
train/Gnatcatcher/Gnatcatcher12.jpg,Gnatcatcher
train/Gnatcatcher/Gnatcatcher45.jpg,Gnatcatcher
train/Gnatcatcher/Gnatcatcher48.jpg,Gnatcatcher
train/Gnatcatcher/Gnatcatcher36.jpg,Gnatcatcher
train/Gnatcatcher/Gnatcatcher13.jpg,Gnatcatcher
train/Gnatcatcher/Gnatcatcher8.jpg,Gnatcatcher
train/Gnatcatcher/Gnatcatcher6.jpg,Gnatcatcher
train/Gnatcatcher/Gnatcatcher20.jpg,Gnatcatcher
train/Gnatcatcher/Gnatcatcher10.jpg,Gnatcatcher
train/Gnatcatcher/Gnatcatcher32.jpg,Gnatcatcher
train/Gnatcatcher/Gnatcatcher18.jpg,Gnatcatcher
train/Gnatcatcher/Gnatcatcher30.jpg,Gnatcatcher
train/Gnatcatcher/Gnatcatcher9.jpg,Gnatcatcher
train/Gnatcatcher/Gnatcatcher46.jpg,Gnatcatcher
train/Gnatcatcher/Gnatcatcher21.jpg,Gnatcatcher
train/Gnatcatcher/Gnatcatcher24.jpg,Gnatcatcher
train/Gnatcatcher/Gnatcatcher26.jpg,Gnatcatcher
train/Gnatcatcher/Gnatcatcher5.jpg,Gnatcatcher
train/Gnatcatcher/Gnatcatcher35.jpg,Gnatcatcher
train/Gnatcatcher/Gnatcatcher27.jpg,Gnatcatcher
train/Gnatcatcher/Gnatcatcher29.jpg,Gnatcatcher
train/Gnatcatcher/Gnatcatcher33.jpg,Gnatcatcher
train/Gnatcatcher/Gnatcatcher3.jpg,Gnatcatcher
train/Gnatcatcher/Gnatcatcher42.jpg,Gnatcatcher
train/Gnatcatcher/Gnatcatcher19.jpg,Gnatcatcher
train/Gnatcatcher/Gnatcatcher49.jpg,Gnatcatcher
train/Gnatcatcher/Gnatcatcher7.jpg,Gnatcatcher
train/Gnatcatcher/Gnatcatcher38.jpg,Gnatcatcher
train/Gnatcatcher/Gnatcatcher14.jpg,Gnatcatcher
train/Gnatcatcher/Gnatcatcher40.jpg,Gnatcatcher
train/Gnatcatcher/Gnatcatcher39.jpg,Gnatcatcher
train/Gnatcatcher/Gnatcatcher15.jpg,Gnatcatcher
train/Gnatcatcher/Gnatcatcher28.jpg,Gnatcatcher
train/Gnatcatcher/Gnatcatcher22.jpg,Gnatcatcher
train/Gnatcatcher/Gnatcatcher16.jpg,Gnatcatcher
train/Gnatcatcher/Gnatcatcher43.jpg,Gnatcatcher
train/Gnatcatcher/Gnatcatcher41.jpg,Gnatcatcher
train/Gnatcatcher/Gnatcatcher1.jpg,Gnatcatcher
train/Gnatcatcher/Gnatcatcher47.jpg,Gnatcatcher
train/Gnatcatcher/Gnatcatcher11.jpg,Gnatcatcher
train/Gnatcatcher/Gnatcatcher23.jpg,Gnatcatcher
train/Gnatcatcher/Gnatcatcher2.jpg,Gnatcatcher
train/Duck/Duck9.jpg,Duck
train/Duck/Duck3.jpg,Duck
train/Duck/Duck38.jpg,Duck
train/Duck/Duck46.jpg,Duck
train/Duck/Duck31.jpg,Duck
train/Duck/Duck25.jpg,Duck
train/Duck/Duck13.jpg,Duck
train/Duck/Duck43.jpg,Duck
train/Duck/Duck53.jpg,Duck
train/Duck/Duck6.jpg,Duck
train/Duck/Duck5.jpg,Duck
train/Duck/Duck55.jpg,Duck
train/Duck/Duck45.jpg,Duck
train/Duck/Duck12.jpg,Duck
train/Duck/Duck47.jpg,Duck
train/Duck/Duck36.jpg,Duck
train/Duck/Duck19.jpg,Duck
train/Duck/Duck18.jpg,Duck
train/Duck/Duck7.jpg,Duck
train/Duck/Duck39.jpg,Duck
train/Duck/Duck41.jpg,Duck
train/Duck/Duck2.jpg,Duck
train/Duck/Duck26.jpg,Duck
train/Duck/Duck30.jpg,Duck
train/Duck/Duck32.jpg,Duck
train/Duck/Duck35.jpg,Duck
train/Duck/Duck4.jpg,Duck
train/Duck/Duck33.jpg,Duck
train/Duck/Duck16.jpg,Duck
train/Duck/Duck34.jpg,Duck
train/Duck/Duck29.jpg,Duck
train/Duck/Duck28.jpg,Duck
train/Duck/Duck17.jpg,Duck
train/Duck/Duck21.jpg,Duck
train/Duck/Duck40.jpg,Duck
train/Duck/Duck20.jpg,Duck
train/Duck/Duck51.jpg,Duck
train/Duck/Duck44.jpg,Duck
train/Duck/Duck27.jpg,Duck
train/Duck/Duck37.jpg,Duck
train/Duck/Duck15.jpg,Duck
train/Duck/Duck14.jpg,Duck
train/Duck/Duck52.jpg,Duck
train/Duck/Duck50.jpg,Duck
train/Duck/Duck1.jpg,Duck
train/Duck/Duck22.jpg,Duck
train/Duck/Duck54.jpg,Duck
train/Duck/Duck42.jpg,Duck
train/Duck/Duck8.jpg,Duck
train/Duck/Duck48.jpg,Duck
train/Duck/Duck49.jpg,Duck
train/Duck/Duck23.jpg,Duck
train/Duck/Duck11.jpg,Duck
train/Duck/Duck24.jpg,Duck
train/Duck/Duck10.jpg,Duck
train/Owl/Owl6.jpg,Owl
train/Owl/Owl27.jpg,Owl
train/Owl/Owl43.jpg,Owl
train/Owl/Owl3.jpg,Owl
train/Owl/Owl17.jpg,Owl
train/Owl/Owl8.jpg,Owl
train/Owl/Owl30.jpg,Owl
train/Owl/Owl29.jpg,Owl
train/Owl/Owl36.jpg,Owl
train/Owl/Owl7.jpg,Owl
train/Owl/Owl24.jpg,Owl
train/Owl/Owl28.jpg,Owl
train/Owl/Owl1.jpg,Owl
train/Owl/Owl22.jpg,Owl
train/Owl/Owl32.jpg,Owl
train/Owl/Owl40.jpg,Owl
train/Owl/Owl18.jpg,Owl
train/Owl/Owl25.jpg,Owl
train/Owl/Owl2.jpg,Owl
train/Owl/Owl21.jpg,Owl
train/Owl/Owl38.jpg,Owl
train/Owl/Owl5.jpg,Owl
train/Owl/Owl31.jpg,Owl
train/Owl/Owl16.jpg,Owl
train/Owl/Owl33.jpg,Owl
train/Owl/Owl10.jpg,Owl
train/Owl/Owl39.jpg,Owl
train/Owl/Owl12.jpg,Owl
train/Owl/Owl13.jpg,Owl
train/Owl/Owl23.jpg,Owl
train/Owl/Owl4.jpg,Owl
train/Owl/Owl37.jpg,Owl
train/Owl/Owl20.jpg,Owl
train/Owl/Owl35.jpg,Owl
train/Owl/Owl34.jpg,Owl
train/Owl/Owl41.jpg,Owl
train/Owl/Owl26.jpg,Owl
train/Owl/Owl15.jpg,Owl
train/Owl/Owl14.jpg,Owl
train/Owl/Owl42.jpg,Owl
train/Owl/Owl9.jpg,Owl
train/Owl/Owl11.jpg,Owl
train/Owl/Owl19.jpg,Owl
train/Chat/Chat49.jpg,Chat
train/Chat/Chat9.jpg,Chat
train/Chat/Chat39.jpg,Chat
train/Chat/Chat42.jpg,Chat
train/Chat/Chat55.jpg,Chat
train/Chat/Chat3.jpg,Chat
train/Chat/Chat17.jpg,Chat
train/Chat/Chat1.jpg,Chat
train/Chat/Chat54.jpg,Chat
train/Chat/Chat11.jpg,Chat
train/Chat/Chat21.jpg,Chat
train/Chat/Chat10.jpg,Chat
train/Chat/Chat8.jpg,Chat
train/Chat/Chat52.jpg,Chat
train/Chat/Chat30.jpg,Chat
train/Chat/Chat20.jpg,Chat
train/Chat/Chat59.jpg,Chat
train/Chat/Chat40.jpg,Chat
train/Chat/Chat51.jpg,Chat
train/Chat/Chat23.jpg,Chat
train/Chat/Chat46.jpg,Chat
train/Chat/Chat18.jpg,Chat
train/Chat/Chat19.jpg,Chat
train/Chat/Chat36.jpg,Chat
train/Chat/Chat26.jpg,Chat
train/Chat/Chat53.jpg,Chat
train/Chat/Chat32.jpg,Chat
train/Chat/Chat5.jpg,Chat
train/Chat/Chat31.jpg,Chat
train/Chat/Chat35.jpg,Chat
train/Chat/Chat13.jpg,Chat
train/Chat/Chat41.jpg,Chat
train/Chat/Chat45.jpg,Chat
train/Chat/Chat12.jpg,Chat
train/Chat/Chat38.jpg,Chat
train/Chat/Chat44.jpg,Chat
train/Chat/Chat15.jpg,Chat
train/Chat/Chat34.jpg,Chat
train/Chat/Chat27.jpg,Chat
train/Chat/Chat16.jpg,Chat
train/Chat/Chat56.jpg,Chat
train/Chat/Chat2.jpg,Chat
train/Chat/Chat7.jpg,Chat
train/Chat/Chat22.jpg,Chat
train/Chat/Chat37.jpg,Chat
train/Chat/Chat24.jpg,Chat
train/Chat/Chat47.jpg,Chat
train/Chat/Chat25.jpg,Chat
train/Chat/Chat57.jpg,Chat
train/Chat/Chat48.jpg,Chat
train/Chat/Chat58.jpg,Chat
train/Chat/Chat50.jpg,Chat
train/Chat/Chat28.jpg,Chat
train/Chat/Chat4.jpg,Chat
train/Chat/Chat14.jpg,Chat
train/Chat/Chat6.jpg,Chat
train/Chat/Chat33.jpg,Chat
train/Chat/Chat43.jpg,Chat
train/Chat/Chat29.jpg,Chat
train/Shrike/Shrike24.jpg,Shrike
train/Shrike/Shrike32.jpg,Shrike
train/Shrike/Shrike48.jpg,Shrike
train/Shrike/Shrike108.jpg,Shrike
train/Shrike/Shrike28.jpg,Shrike
train/Shrike/Shrike59.jpg,Shrike
train/Shrike/Shrike92.jpg,Shrike
train/Shrike/Shrike95.jpg,Shrike
train/Shrike/Shrike52.jpg,Shrike
train/Shrike/Shrike42.jpg,Shrike
train/Shrike/Shrike82.jpg,Shrike
train/Shrike/Shrike1.jpg,Shrike
train/Shrike/Shrike19.jpg,Shrike
train/Shrike/Shrike57.jpg,Shrike
train/Shrike/Shrike27.jpg,Shrike
train/Shrike/Shrike63.jpg,Shrike
train/Shrike/Shrike101.jpg,Shrike
train/Shrike/Shrike54.jpg,Shrike
train/Shrike/Shrike38.jpg,Shrike
train/Shrike/Shrike16.jpg,Shrike
train/Shrike/Shrike98.jpg,Shrike
train/Shrike/Shrike81.jpg,Shrike
train/Shrike/Shrike21.jpg,Shrike
train/Shrike/Shrike80.jpg,Shrike
train/Shrike/Shrike88.jpg,Shrike
train/Shrike/Shrike86.jpg,Shrike
train/Shrike/Shrike103.jpg,Shrike
train/Shrike/Shrike23.jpg,Shrike
train/Shrike/Shrike6.jpg,Shrike
train/Shrike/Shrike5.jpg,Shrike
train/Shrike/Shrike36.jpg,Shrike
train/Shrike/Shrike37.jpg,Shrike
train/Shrike/Shrike94.jpg,Shrike
train/Shrike/Shrike109.jpg,Shrike
train/Shrike/Shrike106.jpg,Shrike
train/Shrike/Shrike68.jpg,Shrike
train/Shrike/Shrike99.jpg,Shrike
train/Shrike/Shrike76.jpg,Shrike
train/Shrike/Shrike4.jpg,Shrike
train/Shrike/Shrike110.jpg,Shrike
train/Shrike/Shrike20.jpg,Shrike
train/Shrike/Shrike62.jpg,Shrike
train/Shrike/Shrike51.jpg,Shrike
train/Shrike/Shrike97.jpg,Shrike
train/Shrike/Shrike71.jpg,Shrike
train/Shrike/Shrike93.jpg,Shrike
train/Shrike/Shrike65.jpg,Shrike
train/Shrike/Shrike34.jpg,Shrike
train/Shrike/Shrike33.jpg,Shrike
train/Shrike/Shrike66.jpg,Shrike
train/Shrike/Shrike22.jpg,Shrike
train/Shrike/Shrike13.jpg,Shrike
train/Shrike/Shrike15.jpg,Shrike
train/Shrike/Shrike83.jpg,Shrike
train/Shrike/Shrike89.jpg,Shrike
train/Shrike/Shrike61.jpg,Shrike
train/Shrike/Shrike72.jpg,Shrike
train/Shrike/Shrike96.jpg,Shrike
train/Shrike/Shrike85.jpg,Shrike
train/Shrike/Shrike77.jpg,Shrike
train/Shrike/Shrike8.jpg,Shrike
train/Shrike/Shrike87.jpg,Shrike
train/Shrike/Shrike41.jpg,Shrike
train/Shrike/Shrike2.jpg,Shrike
train/Shrike/Shrike12.jpg,Shrike
train/Shrike/Shrike90.jpg,Shrike
train/Shrike/Shrike29.jpg,Shrike
train/Shrike/Shrike46.jpg,Shrike
train/Shrike/Shrike43.jpg,Shrike
train/Shrike/Shrike104.jpg,Shrike
train/Shrike/Shrike91.jpg,Shrike
train/Shrike/Shrike44.jpg,Shrike
train/Shrike/Shrike26.jpg,Shrike
train/Shrike/Shrike35.jpg,Shrike
train/Shrike/Shrike9.jpg,Shrike
train/Shrike/Shrike69.jpg,Shrike
train/Shrike/Shrike64.jpg,Shrike
train/Shrike/Shrike45.jpg,Shrike
train/Shrike/Shrike49.jpg,Shrike
train/Shrike/Shrike100.jpg,Shrike
train/Shrike/Shrike11.jpg,Shrike
train/Shrike/Shrike50.jpg,Shrike
train/Shrike/Shrike30.jpg,Shrike
train/Shrike/Shrike60.jpg,Shrike
train/Shrike/Shrike105.jpg,Shrike
train/Shrike/Shrike25.jpg,Shrike
train/Shrike/Shrike56.jpg,Shrike
train/Shrike/Shrike47.jpg,Shrike
train/Shrike/Shrike7.jpg,Shrike
train/Shrike/Shrike84.jpg,Shrike
train/Shrike/Shrike3.jpg,Shrike
train/Shrike/Shrike18.jpg,Shrike
train/Shrike/Shrike53.jpg,Shrike
train/Shrike/Shrike58.jpg,Shrike
train/Shrike/Shrike40.jpg,Shrike
train/Shrike/Shrike70.jpg,Shrike
train/Shrike/Shrike78.jpg,Shrike
train/Shrike/Shrike31.jpg,Shrike
train/Shrike/Shrike73.jpg,Shrike
train/Shrike/Shrike107.jpg,Shrike
train/Shrike/Shrike74.jpg,Shrike
train/Shrike/Shrike79.jpg,Shrike
train/Shrike/Shrike55.jpg,Shrike
train/Shrike/Shrike39.jpg,Shrike
train/Shrike/Shrike102.jpg,Shrike
train/Shrike/Shrike75.jpg,Shrike
train/Shrike/Shrike10.jpg,Shrike
train/Shrike/Shrike17.jpg,Shrike
train/Shrike/Shrike14.jpg,Shrike
train/Shrike/Shrike67.jpg,Shrike
train/Nuthatch/Nuthatch30.jpg,Nuthatch
train/Nuthatch/Nuthatch37.jpg,Nuthatch
train/Nuthatch/Nuthatch8.jpg,Nuthatch
train/Nuthatch/Nuthatch35.jpg,Nuthatch
train/Nuthatch/Nuthatch15.jpg,Nuthatch
train/Nuthatch/Nuthatch62.jpg,Nuthatch
train/Nuthatch/Nuthatch54.jpg,Nuthatch
train/Nuthatch/Nuthatch31.jpg,Nuthatch
train/Nuthatch/Nuthatch38.jpg,Nuthatch
train/Nuthatch/Nuthatch17.jpg,Nuthatch
train/Nuthatch/Nuthatch42.jpg,Nuthatch
train/Nuthatch/Nuthatch70.jpg,Nuthatch
train/Nuthatch/Nuthatch2.jpg,Nuthatch
train/Nuthatch/Nuthatch51.jpg,Nuthatch
train/Nuthatch/Nuthatch11.jpg,Nuthatch
train/Nuthatch/Nuthatch25.jpg,Nuthatch
train/Nuthatch/Nuthatch46.jpg,Nuthatch
train/Nuthatch/Nuthatch63.jpg,Nuthatch
train/Nuthatch/Nuthatch6.jpg,Nuthatch
train/Nuthatch/Nuthatch12.jpg,Nuthatch
train/Nuthatch/Nuthatch27.jpg,Nuthatch
train/Nuthatch/Nuthatch49.jpg,Nuthatch
train/Nuthatch/Nuthatch26.jpg,Nuthatch
train/Nuthatch/Nuthatch13.jpg,Nuthatch
train/Nuthatch/Nuthatch34.jpg,Nuthatch
train/Nuthatch/Nuthatch44.jpg,Nuthatch
train/Nuthatch/Nuthatch19.jpg,Nuthatch
train/Nuthatch/Nuthatch33.jpg,Nuthatch
train/Nuthatch/Nuthatch58.jpg,Nuthatch
train/Nuthatch/Nuthatch29.jpg,Nuthatch
train/Nuthatch/Nuthatch7.jpg,Nuthatch
train/Nuthatch/Nuthatch53.jpg,Nuthatch
train/Nuthatch/Nuthatch18.jpg,Nuthatch
train/Nuthatch/Nuthatch60.jpg,Nuthatch
train/Nuthatch/Nuthatch41.jpg,Nuthatch
train/Nuthatch/Nuthatch45.jpg,Nuthatch
train/Nuthatch/Nuthatch43.jpg,Nuthatch
train/Nuthatch/Nuthatch52.jpg,Nuthatch
train/Nuthatch/Nuthatch1.jpg,Nuthatch
train/Nuthatch/Nuthatch32.jpg,Nuthatch
train/Nuthatch/Nuthatch57.jpg,Nuthatch
train/Nuthatch/Nuthatch61.jpg,Nuthatch
train/Nuthatch/Nuthatch20.jpg,Nuthatch
train/Nuthatch/Nuthatch47.jpg,Nuthatch
train/Nuthatch/Nuthatch3.jpg,Nuthatch
train/Nuthatch/Nuthatch39.jpg,Nuthatch
train/Nuthatch/Nuthatch9.jpg,Nuthatch
train/Nuthatch/Nuthatch69.jpg,Nuthatch
train/Nuthatch/Nuthatch68.jpg,Nuthatch
train/Nuthatch/Nuthatch14.jpg,Nuthatch
train/Nuthatch/Nuthatch10.jpg,Nuthatch
train/Nuthatch/Nuthatch24.jpg,Nuthatch
train/Nuthatch/Nuthatch56.jpg,Nuthatch
train/Nuthatch/Nuthatch22.jpg,Nuthatch
train/Nuthatch/Nuthatch55.jpg,Nuthatch
train/Nuthatch/Nuthatch28.jpg,Nuthatch
train/Nuthatch/Nuthatch40.jpg,Nuthatch
train/Nuthatch/Nuthatch66.jpg,Nuthatch
train/Nuthatch/Nuthatch59.jpg,Nuthatch
train/Nuthatch/Nuthatch67.jpg,Nuthatch
train/Nuthatch/Nuthatch48.jpg,Nuthatch
train/Nuthatch/Nuthatch5.jpg,Nuthatch
train/Nuthatch/Nuthatch21.jpg,Nuthatch
train/Nuthatch/Nuthatch4.jpg,Nuthatch
train/Nuthatch/Nuthatch36.jpg,Nuthatch
train/Nuthatch/Nuthatch64.jpg,Nuthatch
train/Nuthatch/Nuthatch23.jpg,Nuthatch
train/Nuthatch/Nuthatch16.jpg,Nuthatch
train/Nuthatch/Nuthatch65.jpg,Nuthatch
train/Nuthatch/Nuthatch50.jpg,Nuthatch
train/Cockatoo/Cockatoo4.jpg,Cockatoo
train/Cockatoo/Cockatoo1.jpg,Cockatoo
train/Cockatoo/Cockatoo20.jpg,Cockatoo
train/Cockatoo/Cockatoo32.jpg,Cockatoo
train/Cockatoo/Cockatoo38.jpg,Cockatoo
train/Cockatoo/Cockatoo37.jpg,Cockatoo
train/Cockatoo/Cockatoo9.jpg,Cockatoo
train/Cockatoo/Cockatoo46.jpg,Cockatoo
train/Cockatoo/Cockatoo49.jpg,Cockatoo
train/Cockatoo/Cockatoo34.jpg,Cockatoo
train/Cockatoo/Cockatoo21.jpg,Cockatoo
train/Cockatoo/Cockatoo7.jpg,Cockatoo
train/Cockatoo/Cockatoo53.jpg,Cockatoo
train/Cockatoo/Cockatoo52.jpg,Cockatoo
train/Cockatoo/Cockatoo55.jpg,Cockatoo
train/Cockatoo/Cockatoo25.jpg,Cockatoo
train/Cockatoo/Cockatoo22.jpg,Cockatoo
train/Cockatoo/Cockatoo31.jpg,Cockatoo
train/Cockatoo/Cockatoo15.jpg,Cockatoo
train/Cockatoo/Cockatoo41.jpg,Cockatoo
train/Cockatoo/Cockatoo45.jpg,Cockatoo
train/Cockatoo/Cockatoo33.jpg,Cockatoo
train/Cockatoo/Cockatoo50.jpg,Cockatoo
train/Cockatoo/Cockatoo48.jpg,Cockatoo
train/Cockatoo/Cockatoo2.jpg,Cockatoo
train/Cockatoo/Cockatoo23.jpg,Cockatoo
train/Cockatoo/Cockatoo16.jpg,Cockatoo
train/Cockatoo/Cockatoo5.jpg,Cockatoo
train/Cockatoo/Cockatoo26.jpg,Cockatoo
train/Cockatoo/Cockatoo19.jpg,Cockatoo
train/Cockatoo/Cockatoo30.jpg,Cockatoo
train/Cockatoo/Cockatoo12.jpg,Cockatoo
train/Cockatoo/Cockatoo28.jpg,Cockatoo
train/Cockatoo/Cockatoo17.jpg,Cockatoo
train/Cockatoo/Cockatoo54.jpg,Cockatoo
train/Cockatoo/Cockatoo8.jpg,Cockatoo
train/Cockatoo/Cockatoo36.jpg,Cockatoo
train/Cockatoo/Cockatoo47.jpg,Cockatoo
train/Cockatoo/Cockatoo11.jpg,Cockatoo
train/Cockatoo/Cockatoo35.jpg,Cockatoo
train/Cockatoo/Cockatoo24.jpg,Cockatoo
train/Cockatoo/Cockatoo29.jpg,Cockatoo
train/Cockatoo/Cockatoo3.jpg,Cockatoo
train/Cockatoo/Cockatoo18.jpg,Cockatoo
train/Cockatoo/Cockatoo42.jpg,Cockatoo
train/Cockatoo/Cockatoo51.jpg,Cockatoo
train/Cockatoo/Cockatoo43.jpg,Cockatoo
train/Cockatoo/Cockatoo10.jpg,Cockatoo
train/Cockatoo/Cockatoo27.jpg,Cockatoo
train/Cockatoo/Cockatoo44.jpg,Cockatoo
train/Cockatoo/Cockatoo39.jpg,Cockatoo
train/Cockatoo/Cockatoo56.jpg,Cockatoo
train/Cockatoo/Cockatoo13.jpg,Cockatoo
train/Cockatoo/Cockatoo40.jpg,Cockatoo
train/Cockatoo/Cockatoo14.jpg,Cockatoo
train/Cockatoo/Cockatoo6.jpg,Cockatoo
train/Albatross/Albatross21.jpg,Albatross
train/Albatross/Albatross58.jpg,Albatross
train/Albatross/Albatross61.jpg,Albatross
train/Albatross/Albatross59.jpg,Albatross
train/Albatross/Albatross75.jpg,Albatross
train/Albatross/Albatross20.jpg,Albatross
train/Albatross/Albatross26.jpg,Albatross
train/Albatross/Albatross56.jpg,Albatross
train/Albatross/Albatross36.jpg,Albatross
train/Albatross/Albatross12.jpg,Albatross
train/Albatross/Albatross80.jpg,Albatross
train/Albatross/Albatross83.jpg,Albatross
train/Albatross/Albatross65.jpg,Albatross
train/Albatross/Albatross6.jpg,Albatross
train/Albatross/Albatross51.jpg,Albatross
train/Albatross/Albatross4.jpg,Albatross
train/Albatross/Albatross39.jpg,Albatross
train/Albatross/Albatross23.jpg,Albatross
train/Albatross/Albatross78.jpg,Albatross
train/Albatross/Albatross35.jpg,Albatross
train/Albatross/Albatross49.jpg,Albatross
train/Albatross/Albatross82.jpg,Albatross
train/Albatross/Albatross27.jpg,Albatross
train/Albatross/Albatross38.jpg,Albatross
train/Albatross/Albatross40.jpg,Albatross
train/Albatross/Albatross45.jpg,Albatross
train/Albatross/Albatross10.jpg,Albatross
train/Albatross/Albatross50.jpg,Albatross
train/Albatross/Albatross31.jpg,Albatross
train/Albatross/Albatross8.jpg,Albatross
train/Albatross/Albatross84.jpg,Albatross
train/Albatross/Albatross72.jpg,Albatross
train/Albatross/Albatross46.jpg,Albatross
train/Albatross/Albatross55.jpg,Albatross
train/Albatross/Albatross16.jpg,Albatross
train/Albatross/Albatross52.jpg,Albatross
train/Albatross/Albatross15.jpg,Albatross
train/Albatross/Albatross48.jpg,Albatross
train/Albatross/Albatross60.jpg,Albatross
train/Albatross/Albatross74.jpg,Albatross
train/Albatross/Albatross14.jpg,Albatross
train/Albatross/Albatross57.jpg,Albatross
train/Albatross/Albatross28.jpg,Albatross
train/Albatross/Albatross11.jpg,Albatross
train/Albatross/Albatross47.jpg,Albatross
train/Albatross/Albatross37.jpg,Albatross
train/Albatross/Albatross71.jpg,Albatross
train/Albatross/Albatross79.jpg,Albatross
train/Albatross/Albatross34.jpg,Albatross
train/Albatross/Albatross41.jpg,Albatross
train/Albatross/Albatross30.jpg,Albatross
train/Albatross/Albatross81.jpg,Albatross
train/Albatross/Albatross17.jpg,Albatross
train/Albatross/Albatross69.jpg,Albatross
train/Albatross/Albatross9.jpg,Albatross
train/Albatross/Albatross32.jpg,Albatross
train/Albatross/Albatross7.jpg,Albatross
train/Albatross/Albatross64.jpg,Albatross
train/Albatross/Albatross70.jpg,Albatross
train/Albatross/Albatross66.jpg,Albatross
train/Albatross/Albatross29.jpg,Albatross
train/Albatross/Albatross68.jpg,Albatross
train/Albatross/Albatross33.jpg,Albatross
train/Albatross/Albatross44.jpg,Albatross
train/Albatross/Albatross25.jpg,Albatross
train/Albatross/Albatross43.jpg,Albatross
train/Albatross/Albatross77.jpg,Albatross
train/Albatross/Albatross3.jpg,Albatross
train/Albatross/Albatross5.jpg,Albatross
train/Albatross/Albatross76.jpg,Albatross
train/Albatross/Albatross63.jpg,Albatross
train/Albatross/Albatross54.jpg,Albatross
train/Albatross/Albatross19.jpg,Albatross
train/Albatross/Albatross1.jpg,Albatross
train/Albatross/Albatross53.jpg,Albatross
train/Albatross/Albatross22.jpg,Albatross
train/Albatross/Albatross2.jpg,Albatross
train/Albatross/Albatross67.jpg,Albatross
train/Albatross/Albatross62.jpg,Albatross
train/Albatross/Albatross18.jpg,Albatross
train/Albatross/Albatross13.jpg,Albatross
train/Albatross/Albatross42.jpg,Albatross
train/Albatross/Albatross73.jpg,Albatross
train/Albatross/Albatross24.jpg,Albatross
train/Eagle/Eagle105.jpg,Eagle
train/Eagle/Eagle67.jpg,Eagle
train/Eagle/Eagle45.jpg,Eagle
train/Eagle/Eagle39.jpg,Eagle
train/Eagle/Eagle94.jpg,Eagle
train/Eagle/Eagle28.jpg,Eagle
train/Eagle/Eagle31.jpg,Eagle
train/Eagle/Eagle88.jpg,Eagle
train/Eagle/Eagle69.jpg,Eagle
train/Eagle/Eagle27.jpg,Eagle
train/Eagle/Eagle79.jpg,Eagle
train/Eagle/Eagle41.jpg,Eagle
train/Eagle/Eagle37.jpg,Eagle
train/Eagle/Eagle96.jpg,Eagle
train/Eagle/Eagle13.jpg,Eagle
train/Eagle/Eagle95.jpg,Eagle
train/Eagle/Eagle1.jpg,Eagle
train/Eagle/Eagle87.jpg,Eagle
train/Eagle/Eagle60.jpg,Eagle
train/Eagle/Eagle15.jpg,Eagle
train/Eagle/Eagle47.jpg,Eagle
train/Eagle/Eagle9.jpg,Eagle
train/Eagle/Eagle6.jpg,Eagle
train/Eagle/Eagle33.jpg,Eagle
train/Eagle/Eagle16.jpg,Eagle
train/Eagle/Eagle90.jpg,Eagle
train/Eagle/Eagle92.jpg,Eagle
train/Eagle/Eagle62.jpg,Eagle
train/Eagle/Eagle97.jpg,Eagle
train/Eagle/Eagle104.jpg,Eagle
train/Eagle/Eagle66.jpg,Eagle
train/Eagle/Eagle52.jpg,Eagle
train/Eagle/Eagle24.jpg,Eagle
train/Eagle/Eagle34.jpg,Eagle
train/Eagle/Eagle54.jpg,Eagle
train/Eagle/Eagle42.jpg,Eagle
train/Eagle/Eagle49.jpg,Eagle
train/Eagle/Eagle72.jpg,Eagle
train/Eagle/Eagle18.jpg,Eagle
train/Eagle/Eagle56.jpg,Eagle
train/Eagle/Eagle63.jpg,Eagle
train/Eagle/Eagle22.jpg,Eagle
train/Eagle/Eagle83.jpg,Eagle
train/Eagle/Eagle71.jpg,Eagle
train/Eagle/Eagle55.jpg,Eagle
train/Eagle/Eagle23.jpg,Eagle
train/Eagle/Eagle99.jpg,Eagle
train/Eagle/Eagle57.jpg,Eagle
train/Eagle/Eagle3.jpg,Eagle
train/Eagle/Eagle26.jpg,Eagle
train/Eagle/Eagle81.jpg,Eagle
train/Eagle/Eagle70.jpg,Eagle
train/Eagle/Eagle11.jpg,Eagle
train/Eagle/Eagle76.jpg,Eagle
train/Eagle/Eagle48.jpg,Eagle
train/Eagle/Eagle36.jpg,Eagle
train/Eagle/Eagle38.jpg,Eagle
train/Eagle/Eagle101.jpg,Eagle
train/Eagle/Eagle102.jpg,Eagle
train/Eagle/Eagle93.jpg,Eagle
train/Eagle/Eagle100.jpg,Eagle
train/Eagle/Eagle35.jpg,Eagle
train/Eagle/Eagle86.jpg,Eagle
train/Eagle/Eagle89.jpg,Eagle
train/Eagle/Eagle8.jpg,Eagle
train/Eagle/Eagle44.jpg,Eagle
train/Eagle/Eagle12.jpg,Eagle
train/Eagle/Eagle17.jpg,Eagle
train/Eagle/Eagle75.jpg,Eagle
train/Eagle/Eagle84.jpg,Eagle
train/Eagle/Eagle46.jpg,Eagle
train/Eagle/Eagle21.jpg,Eagle
train/Eagle/Eagle10.jpg,Eagle
train/Eagle/Eagle20.jpg,Eagle
train/Eagle/Eagle50.jpg,Eagle
train/Eagle/Eagle59.jpg,Eagle
train/Eagle/Eagle30.jpg,Eagle
train/Eagle/Eagle64.jpg,Eagle
train/Eagle/Eagle106.jpg,Eagle
train/Eagle/Eagle91.jpg,Eagle
train/Eagle/Eagle43.jpg,Eagle
train/Eagle/Eagle108.jpg,Eagle
train/Eagle/Eagle53.jpg,Eagle
train/Eagle/Eagle19.jpg,Eagle
train/Eagle/Eagle85.jpg,Eagle
train/Eagle/Eagle103.jpg,Eagle
train/Eagle/Eagle98.jpg,Eagle
train/Eagle/Eagle7.jpg,Eagle
train/Eagle/Eagle29.jpg,Eagle
train/Eagle/Eagle51.jpg,Eagle
train/Eagle/Eagle77.jpg,Eagle
train/Eagle/Eagle5.jpg,Eagle
train/Eagle/Eagle78.jpg,Eagle
train/Eagle/Eagle14.jpg,Eagle
train/Eagle/Eagle74.jpg,Eagle
train/Eagle/Eagle107.jpg,Eagle
train/Eagle/Eagle32.jpg,Eagle
train/Eagle/Eagle61.jpg,Eagle
train/Eagle/Eagle80.jpg,Eagle
train/Eagle/Eagle73.jpg,Eagle
train/Eagle/Eagle2.jpg,Eagle
train/Eagle/Eagle25.jpg,Eagle
train/Eagle/Eagle40.jpg,Eagle
train/Eagle/Eagle68.jpg,Eagle
train/Eagle/Eagle82.jpg,Eagle
train/Eagle/Eagle58.jpg,Eagle
train/Eagle/Eagle4.jpg,Eagle
train/Eagle/Eagle65.jpg,Eagle
train/Egret/Egret27.jpg,Egret
train/Egret/Egret15.jpg,Egret
train/Egret/Egret9.jpg,Egret
train/Egret/Egret13.jpg,Egret
train/Egret/Egret18.jpg,Egret
train/Egret/Egret25.jpg,Egret
train/Egret/Egret38.jpg,Egret
train/Egret/Egret24.jpg,Egret
train/Egret/Egret31.jpg,Egret
train/Egret/Egret42.jpg,Egret
train/Egret/Egret26.jpg,Egret
train/Egret/Egret37.jpg,Egret
train/Egret/Egret46.jpg,Egret
train/Egret/Egret45.jpg,Egret
train/Egret/Egret22.jpg,Egret
train/Egret/Egret44.jpg,Egret
train/Egret/Egret49.jpg,Egret
train/Egret/Egret36.jpg,Egret
train/Egret/Egret2.jpg,Egret
train/Egret/Egret39.jpg,Egret
train/Egret/Egret11.jpg,Egret
train/Egret/Egret5.jpg,Egret
train/Egret/Egret16.jpg,Egret
train/Egret/Egret29.jpg,Egret
train/Egret/Egret34.jpg,Egret
train/Egret/Egret21.jpg,Egret
train/Egret/Egret17.jpg,Egret
train/Egret/Egret35.jpg,Egret
train/Egret/Egret30.jpg,Egret
train/Egret/Egret28.jpg,Egret
train/Egret/Egret40.jpg,Egret
train/Egret/Egret10.jpg,Egret
train/Egret/Egret43.jpg,Egret
train/Egret/Egret47.jpg,Egret
train/Egret/Egret33.jpg,Egret
train/Egret/Egret32.jpg,Egret
train/Egret/Egret48.jpg,Egret
train/Egret/Egret20.jpg,Egret
train/Egret/Egret12.jpg,Egret
train/Egret/Egret19.jpg,Egret
train/Egret/Egret3.jpg,Egret
train/Egret/Egret4.jpg,Egret
train/Egret/Egret41.jpg,Egret
train/Egret/Egret23.jpg,Egret
train/Egret/Egret8.jpg,Egret
train/Egret/Egret7.jpg,Egret
train/Egret/Egret14.jpg,Egret
train/Egret/Egret50.jpg,Egret
train/Egret/Egret1.jpg,Egret
train/Egret/Egret6.jpg,Egret
train/Auk/Auk76.jpg,Auk
train/Auk/Auk22.jpg,Auk
train/Auk/Auk28.jpg,Auk
train/Auk/Auk73.jpg,Auk
train/Auk/Auk77.jpg,Auk
train/Auk/Auk14.jpg,Auk
train/Auk/Auk16.jpg,Auk
train/Auk/Auk17.jpg,Auk
train/Auk/Auk64.jpg,Auk
train/Auk/Auk9.jpg,Auk
train/Auk/Auk62.jpg,Auk
train/Auk/Auk21.jpg,Auk
train/Auk/Auk67.jpg,Auk
train/Auk/Auk45.jpg,Auk
train/Auk/Auk4.jpg,Auk
train/Auk/Auk63.jpg,Auk
train/Auk/Auk53.jpg,Auk
train/Auk/Auk59.jpg,Auk
train/Auk/Auk20.jpg,Auk
train/Auk/Auk31.jpg,Auk
train/Auk/Auk41.jpg,Auk
train/Auk/Auk46.jpg,Auk
train/Auk/Auk5.jpg,Auk
train/Auk/Auk13.jpg,Auk
train/Auk/Auk60.jpg,Auk
train/Auk/Auk42.jpg,Auk
train/Auk/Auk70.jpg,Auk
train/Auk/Auk61.jpg,Auk
train/Auk/Auk43.jpg,Auk
train/Auk/Auk12.jpg,Auk
train/Auk/Auk56.jpg,Auk
train/Auk/Auk23.jpg,Auk
train/Auk/Auk40.jpg,Auk
train/Auk/Auk26.jpg,Auk
train/Auk/Auk8.jpg,Auk
train/Auk/Auk52.jpg,Auk
train/Auk/Auk69.jpg,Auk
train/Auk/Auk55.jpg,Auk
train/Auk/Auk48.jpg,Auk
train/Auk/Auk33.jpg,Auk
train/Auk/Auk57.jpg,Auk
train/Auk/Auk19.jpg,Auk
train/Auk/Auk6.jpg,Auk
train/Auk/Auk49.jpg,Auk
train/Auk/Auk34.jpg,Auk
train/Auk/Auk38.jpg,Auk
train/Auk/Auk2.jpg,Auk
train/Auk/Auk18.jpg,Auk
train/Auk/Auk7.jpg,Auk
train/Auk/Auk47.jpg,Auk
train/Auk/Auk11.jpg,Auk
train/Auk/Auk27.jpg,Auk
train/Auk/Auk71.jpg,Auk
train/Auk/Auk54.jpg,Auk
train/Auk/Auk30.jpg,Auk
train/Auk/Auk75.jpg,Auk
train/Auk/Auk44.jpg,Auk
train/Auk/Auk10.jpg,Auk
train/Auk/Auk72.jpg,Auk
train/Auk/Auk37.jpg,Auk
train/Auk/Auk50.jpg,Auk
train/Auk/Auk74.jpg,Auk
train/Auk/Auk51.jpg,Auk
train/Auk/Auk39.jpg,Auk
train/Auk/Auk66.jpg,Auk
train/Auk/Auk65.jpg,Auk
train/Auk/Auk3.jpg,Auk
train/Auk/Auk29.jpg,Auk
train/Auk/Auk36.jpg,Auk
train/Auk/Auk68.jpg,Auk
train/Auk/Auk15.jpg,Auk
train/Auk/Auk32.jpg,Auk
train/Auk/Auk58.jpg,Auk
train/Auk/Auk24.jpg,Auk
train/Auk/Auk25.jpg,Auk
train/Auk/Auk1.jpg,Auk
train/Auk/Auk35.jpg,Auk
train/Euphonia/Euphonia87.jpg,Euphonia
train/Euphonia/Euphonia20.jpg,Euphonia
train/Euphonia/Euphonia44.jpg,Euphonia
train/Euphonia/Euphonia92.jpg,Euphonia
train/Euphonia/Euphonia18.jpg,Euphonia
train/Euphonia/Euphonia43.jpg,Euphonia
train/Euphonia/Euphonia72.jpg,Euphonia
train/Euphonia/Euphonia77.jpg,Euphonia
train/Euphonia/Euphonia30.jpg,Euphonia
train/Euphonia/Euphonia81.jpg,Euphonia
train/Euphonia/Euphonia34.jpg,Euphonia
train/Euphonia/Euphonia26.jpg,Euphonia
train/Euphonia/Euphonia55.jpg,Euphonia
train/Euphonia/Euphonia10.jpg,Euphonia
train/Euphonia/Euphonia78.jpg,Euphonia
train/Euphonia/Euphonia49.jpg,Euphonia
train/Euphonia/Euphonia79.jpg,Euphonia
train/Euphonia/Euphonia76.jpg,Euphonia
train/Euphonia/Euphonia75.jpg,Euphonia
train/Euphonia/Euphonia88.jpg,Euphonia
train/Euphonia/Euphonia29.jpg,Euphonia
train/Euphonia/Euphonia9.jpg,Euphonia
train/Euphonia/Euphonia8.jpg,Euphonia
train/Euphonia/Euphonia28.jpg,Euphonia
train/Euphonia/Euphonia21.jpg,Euphonia
train/Euphonia/Euphonia67.jpg,Euphonia
train/Euphonia/Euphonia95.jpg,Euphonia
train/Euphonia/Euphonia65.jpg,Euphonia
train/Euphonia/Euphonia6.jpg,Euphonia
train/Euphonia/Euphonia82.jpg,Euphonia
train/Euphonia/Euphonia83.jpg,Euphonia
train/Euphonia/Euphonia52.jpg,Euphonia
train/Euphonia/Euphonia96.jpg,Euphonia
train/Euphonia/Euphonia59.jpg,Euphonia
train/Euphonia/Euphonia68.jpg,Euphonia
train/Euphonia/Euphonia22.jpg,Euphonia
train/Euphonia/Euphonia93.jpg,Euphonia
train/Euphonia/Euphonia27.jpg,Euphonia
train/Euphonia/Euphonia3.jpg,Euphonia
train/Euphonia/Euphonia58.jpg,Euphonia
train/Euphonia/Euphonia85.jpg,Euphonia
train/Euphonia/Euphonia63.jpg,Euphonia
train/Euphonia/Euphonia35.jpg,Euphonia
train/Euphonia/Euphonia5.jpg,Euphonia
train/Euphonia/Euphonia45.jpg,Euphonia
train/Euphonia/Euphonia32.jpg,Euphonia
train/Euphonia/Euphonia90.jpg,Euphonia
train/Euphonia/Euphonia7.jpg,Euphonia
train/Euphonia/Euphonia36.jpg,Euphonia
train/Euphonia/Euphonia54.jpg,Euphonia
train/Euphonia/Euphonia86.jpg,Euphonia
train/Euphonia/Euphonia25.jpg,Euphonia
train/Euphonia/Euphonia39.jpg,Euphonia
train/Euphonia/Euphonia47.jpg,Euphonia
train/Euphonia/Euphonia14.jpg,Euphonia
train/Euphonia/Euphonia24.jpg,Euphonia
train/Euphonia/Euphonia53.jpg,Euphonia
train/Euphonia/Euphonia12.jpg,Euphonia
train/Euphonia/Euphonia80.jpg,Euphonia
train/Euphonia/Euphonia11.jpg,Euphonia
train/Euphonia/Euphonia13.jpg,Euphonia
train/Euphonia/Euphonia84.jpg,Euphonia
train/Euphonia/Euphonia94.jpg,Euphonia
train/Euphonia/Euphonia17.jpg,Euphonia
train/Euphonia/Euphonia48.jpg,Euphonia
train/Euphonia/Euphonia66.jpg,Euphonia
train/Euphonia/Euphonia89.jpg,Euphonia
train/Euphonia/Euphonia37.jpg,Euphonia
train/Euphonia/Euphonia2.jpg,Euphonia
train/Euphonia/Euphonia69.jpg,Euphonia
train/Euphonia/Euphonia31.jpg,Euphonia
train/Euphonia/Euphonia19.jpg,Euphonia
train/Euphonia/Euphonia42.jpg,Euphonia
train/Euphonia/Euphonia61.jpg,Euphonia
train/Euphonia/Euphonia91.jpg,Euphonia
train/Euphonia/Euphonia62.jpg,Euphonia
train/Euphonia/Euphonia73.jpg,Euphonia
train/Euphonia/Euphonia74.jpg,Euphonia
train/Euphonia/Euphonia23.jpg,Euphonia
train/Euphonia/Euphonia15.jpg,Euphonia
train/Euphonia/Euphonia51.jpg,Euphonia
train/Euphonia/Euphonia64.jpg,Euphonia
train/Euphonia/Euphonia16.jpg,Euphonia
train/Euphonia/Euphonia56.jpg,Euphonia
train/Euphonia/Euphonia4.jpg,Euphonia
train/Euphonia/Euphonia60.jpg,Euphonia
train/Euphonia/Euphonia41.jpg,Euphonia
train/Euphonia/Euphonia1.jpg,Euphonia
train/Euphonia/Euphonia40.jpg,Euphonia
train/Euphonia/Euphonia71.jpg,Euphonia
train/Euphonia/Euphonia46.jpg,Euphonia
train/Euphonia/Euphonia50.jpg,Euphonia
train/Euphonia/Euphonia38.jpg,Euphonia
train/Euphonia/Euphonia57.jpg,Euphonia
train/Euphonia/Euphonia70.jpg,Euphonia
train/Euphonia/Euphonia33.jpg,Euphonia
train/Rail/Rail54.jpg,Rail
train/Rail/Rail14.jpg,Rail
train/Rail/Rail46.jpg,Rail
train/Rail/Rail38.jpg,Rail
train/Rail/Rail40.jpg,Rail
train/Rail/Rail22.jpg,Rail
train/Rail/Rail31.jpg,Rail
train/Rail/Rail39.jpg,Rail
train/Rail/Rail27.jpg,Rail
train/Rail/Rail29.jpg,Rail
train/Rail/Rail48.jpg,Rail
train/Rail/Rail15.jpg,Rail
train/Rail/Rail37.jpg,Rail
train/Rail/Rail24.jpg,Rail
train/Rail/Rail26.jpg,Rail
train/Rail/Rail3.jpg,Rail
train/Rail/Rail8.jpg,Rail
train/Rail/Rail32.jpg,Rail
train/Rail/Rail33.jpg,Rail
train/Rail/Rail36.jpg,Rail
train/Rail/Rail42.jpg,Rail
train/Rail/Rail18.jpg,Rail
train/Rail/Rail1.jpg,Rail
train/Rail/Rail53.jpg,Rail
train/Rail/Rail49.jpg,Rail
train/Rail/Rail55.jpg,Rail
train/Rail/Rail9.jpg,Rail
train/Rail/Rail41.jpg,Rail
train/Rail/Rail19.jpg,Rail
train/Rail/Rail44.jpg,Rail
train/Rail/Rail7.jpg,Rail
train/Rail/Rail47.jpg,Rail
train/Rail/Rail2.jpg,Rail
train/Rail/Rail45.jpg,Rail
train/Rail/Rail35.jpg,Rail
train/Rail/Rail16.jpg,Rail
train/Rail/Rail23.jpg,Rail
train/Rail/Rail28.jpg,Rail
train/Rail/Rail12.jpg,Rail
train/Rail/Rail20.jpg,Rail
train/Rail/Rail52.jpg,Rail
train/Rail/Rail34.jpg,Rail
train/Rail/Rail11.jpg,Rail
train/Rail/Rail30.jpg,Rail
train/Rail/Rail4.jpg,Rail
train/Rail/Rail21.jpg,Rail
train/Rail/Rail17.jpg,Rail
train/Rail/Rail50.jpg,Rail
train/Rail/Rail43.jpg,Rail
train/Rail/Rail51.jpg,Rail
train/Rail/Rail10.jpg,Rail
train/Rail/Rail6.jpg,Rail
train/Rail/Rail13.jpg,Rail
train/Rail/Rail5.jpg,Rail
train/Rail/Rail25.jpg,Rail
train/Booby/Booby9.jpg,Booby
train/Booby/Booby28.jpg,Booby
train/Booby/Booby27.jpg,Booby
train/Booby/Booby33.jpg,Booby
train/Booby/Booby32.jpg,Booby
train/Booby/Booby16.jpg,Booby
train/Booby/Booby20.jpg,Booby
train/Booby/Booby45.jpg,Booby
train/Booby/Booby1.jpg,Booby
train/Booby/Booby47.jpg,Booby
train/Booby/Booby44.jpg,Booby
train/Booby/Booby6.jpg,Booby
train/Booby/Booby19.jpg,Booby
train/Booby/Booby39.jpg,Booby
train/Booby/Booby35.jpg,Booby
train/Booby/Booby48.jpg,Booby
train/Booby/Booby37.jpg,Booby
train/Booby/Booby7.jpg,Booby
train/Booby/Booby15.jpg,Booby
train/Booby/Booby23.jpg,Booby
train/Booby/Booby4.jpg,Booby
train/Booby/Booby43.jpg,Booby
train/Booby/Booby14.jpg,Booby
train/Booby/Booby21.jpg,Booby
train/Booby/Booby2.jpg,Booby
train/Booby/Booby5.jpg,Booby
train/Booby/Booby17.jpg,Booby
train/Booby/Booby51.jpg,Booby
train/Booby/Booby55.jpg,Booby
train/Booby/Booby41.jpg,Booby
train/Booby/Booby40.jpg,Booby
train/Booby/Booby34.jpg,Booby
train/Booby/Booby50.jpg,Booby
train/Booby/Booby36.jpg,Booby
train/Booby/Booby10.jpg,Booby
train/Booby/Booby3.jpg,Booby
train/Booby/Booby53.jpg,Booby
train/Booby/Booby52.jpg,Booby
train/Booby/Booby54.jpg,Booby
train/Booby/Booby38.jpg,Booby
train/Booby/Booby26.jpg,Booby
train/Booby/Booby22.jpg,Booby
train/Booby/Booby46.jpg,Booby
train/Booby/Booby29.jpg,Booby
train/Booby/Booby42.jpg,Booby
train/Booby/Booby12.jpg,Booby
train/Booby/Booby25.jpg,Booby
train/Booby/Booby49.jpg,Booby
train/Booby/Booby24.jpg,Booby
train/Booby/Booby11.jpg,Booby
train/Booby/Booby8.jpg,Booby
train/Booby/Booby31.jpg,Booby
train/Booby/Booby18.jpg,Booby
train/Booby/Booby30.jpg,Booby
train/Booby/Booby13.jpg,Booby
train/Grebe/Grebe2.jpg,Grebe
train/Grebe/Grebe88.jpg,Grebe
train/Grebe/Grebe39.jpg,Grebe
train/Grebe/Grebe52.jpg,Grebe
train/Grebe/Grebe42.jpg,Grebe
train/Grebe/Grebe60.jpg,Grebe
train/Grebe/Grebe40.jpg,Grebe
train/Grebe/Grebe46.jpg,Grebe
train/Grebe/Grebe76.jpg,Grebe
train/Grebe/Grebe70.jpg,Grebe
train/Grebe/Grebe35.jpg,Grebe
train/Grebe/Grebe59.jpg,Grebe
train/Grebe/Grebe45.jpg,Grebe
train/Grebe/Grebe69.jpg,Grebe
train/Grebe/Grebe7.jpg,Grebe
train/Grebe/Grebe15.jpg,Grebe
train/Grebe/Grebe31.jpg,Grebe
train/Grebe/Grebe51.jpg,Grebe
train/Grebe/Grebe71.jpg,Grebe
train/Grebe/Grebe6.jpg,Grebe
train/Grebe/Grebe56.jpg,Grebe
train/Grebe/Grebe74.jpg,Grebe
train/Grebe/Grebe84.jpg,Grebe
train/Grebe/Grebe55.jpg,Grebe
train/Grebe/Grebe21.jpg,Grebe
train/Grebe/Grebe48.jpg,Grebe
train/Grebe/Grebe17.jpg,Grebe
train/Grebe/Grebe64.jpg,Grebe
train/Grebe/Grebe18.jpg,Grebe
train/Grebe/Grebe72.jpg,Grebe
train/Grebe/Grebe82.jpg,Grebe
train/Grebe/Grebe87.jpg,Grebe
train/Grebe/Grebe19.jpg,Grebe
train/Grebe/Grebe77.jpg,Grebe
train/Grebe/Grebe62.jpg,Grebe
train/Grebe/Grebe80.jpg,Grebe
train/Grebe/Grebe93.jpg,Grebe
train/Grebe/Grebe22.jpg,Grebe
train/Grebe/Grebe25.jpg,Grebe
train/Grebe/Grebe86.jpg,Grebe
train/Grebe/Grebe9.jpg,Grebe
train/Grebe/Grebe68.jpg,Grebe
train/Grebe/Grebe29.jpg,Grebe
train/Grebe/Grebe50.jpg,Grebe
train/Grebe/Grebe4.jpg,Grebe
train/Grebe/Grebe32.jpg,Grebe
train/Grebe/Grebe97.jpg,Grebe
train/Grebe/Grebe83.jpg,Grebe
train/Grebe/Grebe12.jpg,Grebe
train/Grebe/Grebe13.jpg,Grebe
train/Grebe/Grebe98.jpg,Grebe
train/Grebe/Grebe49.jpg,Grebe
train/Grebe/Grebe75.jpg,Grebe
train/Grebe/Grebe30.jpg,Grebe
train/Grebe/Grebe65.jpg,Grebe
train/Grebe/Grebe57.jpg,Grebe
train/Grebe/Grebe1.jpg,Grebe
train/Grebe/Grebe11.jpg,Grebe
train/Grebe/Grebe8.jpg,Grebe
train/Grebe/Grebe44.jpg,Grebe
train/Grebe/Grebe85.jpg,Grebe
train/Grebe/Grebe89.jpg,Grebe
train/Grebe/Grebe73.jpg,Grebe
train/Grebe/Grebe24.jpg,Grebe
train/Grebe/Grebe23.jpg,Grebe
train/Grebe/Grebe10.jpg,Grebe
train/Grebe/Grebe20.jpg,Grebe
train/Grebe/Grebe81.jpg,Grebe
train/Grebe/Grebe63.jpg,Grebe
train/Grebe/Grebe33.jpg,Grebe
train/Grebe/Grebe16.jpg,Grebe
train/Grebe/Grebe38.jpg,Grebe
train/Grebe/Grebe37.jpg,Grebe
train/Grebe/Grebe67.jpg,Grebe
train/Grebe/Grebe14.jpg,Grebe
train/Grebe/Grebe96.jpg,Grebe
train/Grebe/Grebe5.jpg,Grebe
train/Grebe/Grebe34.jpg,Grebe
train/Grebe/Grebe78.jpg,Grebe
train/Grebe/Grebe36.jpg,Grebe
train/Grebe/Grebe53.jpg,Grebe
train/Grebe/Grebe26.jpg,Grebe
train/Grebe/Grebe94.jpg,Grebe
train/Grebe/Grebe28.jpg,Grebe
train/Grebe/Grebe92.jpg,Grebe
train/Grebe/Grebe58.jpg,Grebe
train/Grebe/Grebe66.jpg,Grebe
train/Grebe/Grebe27.jpg,Grebe
train/Grebe/Grebe54.jpg,Grebe
train/Grebe/Grebe90.jpg,Grebe
train/Grebe/Grebe61.jpg,Grebe
train/Grebe/Grebe95.jpg,Grebe
train/Grebe/Grebe41.jpg,Grebe
train/Grebe/Grebe79.jpg,Grebe
train/Grebe/Grebe91.jpg,Grebe
train/Grebe/Grebe47.jpg,Grebe
train/Grebe/Grebe43.jpg,Grebe
train/Grebe/Grebe3.jpg,Grebe
